campus_number,district_number,campus_name,district_name,teacher_total_full_time_equiv_count,support_total_full_time_equiv_count,school_admin_total_full_time_equiv_count,educ_aide_total_full_time_equiv_count,teacher_beginning_full_time_equiv_count,teacher_1-5_years_full_time_equiv_count,teacher_6-10_years_full_time_equiv_count,teacher_11-20_years_full_time_equiv_count,teacher_21-30_years_full_time_equiv_count,teacher_>_30_years_full_time_equiv_count,teacher_no_degree_full_time_equiv_count,teacher_ba_degree_full_time_equiv_count,teacher_ms_degree_full_time_equiv_count,teacher_ph_degree_full_time_equiv_count,professional_total_full_time_equiv_count,all_staff_total_full_time_equiv_count,counselor_total_part_time_equiv_count,counselor_total_full_time_equiv_count,librarian_total_part_time_equiv_count,librarian_total_full_time_equiv_count,support_total_base_salary_average,school_admin_total_base_salary_average,teacher_total_base_salary_average,teacher_beginning_base_salary_average,teacher_1-5_years_base_salary_average,teacher_6-10_years_base_salary_average,teacher_11-20_years_base_salary_average,teacher_21-30_years_base_salary_average,teacher_>_30_years_base_salary_average,teacher_american_indian_full_time_equiv_count,teacher_pacific_islander_full_time_equiv_count,teacher_asian_full_time_equiv_count,teacher_african_american_full_time_equiv_count,teacher_hispanic_full_time_equiv_count,teacher_white_full_time_equiv_count,teacher_two_or_more_races_full_time_equiv_count,teacher_male_full_time_equiv_count,teacher_female_full_time_equiv_count,teacher_tenure_average,teacher_experience_average,teacher_regular_program_full_time_equiv_count,teacher_career_&_technical_prgms_full_time_equiv_count,teacher_bilingual_program_full_time_equiv_count,teacher_compensatory_program_full_time_equiv_count,teacher_gifted_&_talented_program_full_time_equiv_count,teacher_special_education_full_time_equiv_count,teacher_other_full_time_equiv_count,contract_serv_total_full_time_equiv_count,principal_experience_average,principal_tenure_average,assistant_principal_experience_average,assistant_principal_tenure_average,all_staff_minority_full_time_equiv_count,teacher_total_full_time_equiv_percent,support_total_full_time_equiv_percent,school_admin_total_full_time_equiv_percent,educ_aide_total_full_time_equiv_percent,professional_total_full_time_equiv_percent,all_staff_minority_full_time_equiv_percent,teacher_beginning_full_time_equiv_percent,teacher_1-5_years_full_time_equiv_percent,teacher_6-10_years_full_time_equiv_percent,teacher_11-20_years_full_time_equiv_percent,teacher_21-30_years_full_time_equiv_percent,teacher_>_30_years_full_time_equiv_percent,teacher_regular_program_full_time_equiv_percent,teacher_career_&_technical_prgms_full_time_equiv_percent,teacher_bilingual_program_full_time_equiv_percent,teacher_compensatory_program_full_time_equiv_percent,teacher_gifted_&_talented_program_full_time_equiv_percent,teacher_special_education_full_time_equiv_percent,teacher_other_full_time_equiv_percent,teacher_no_degree_full_time_equiv_percent,teacher_ba_degree_full_time_equiv_percent,teacher_ms_degree_full_time_equiv_percent,teacher_ph_degree_full_time_equiv_percent,teacher_white_full_time_equiv_percent,teacher_african_american_full_time_equiv_percent,teacher_hispanic_full_time_equiv_percent,teacher_pacific_islander_full_time_equiv_percent,teacher_american_indian_full_time_equiv_percent,teacher_asian_full_time_equiv_percent,teacher_two_or_more_races_full_time_equiv_percent,teacher_male_full_time_equiv_percent,teacher_female_full_time_equiv_percent,teacher_student_ratio
43901001,43901,ALLEN H S,ALLEN ISD,274.7,50.1,11.1,33.7,13.9,51.7,66.7,87.9,46.7,7.8,1.4,152.9,115.5,4.9,335.9,369.5,0,22,0,1,79570,110992,67424,57519,63194,65605,69581,71710,78739,6.0,2.9,9.2,18.7,16.4,218.0,3.6,107.5,167.2,6.9,13.1,198.4,37.8,4.6,0.0,4.1,29.3,0.5,2.0,8.0,8.0,5.5,3.4,85.6,74.3,13.6,3.0,9.1,90.9,23.2,5.1,18.8,24.3,32.0,17.0,2.8,72.2,13.8,1.7,0.0,1.5,10.7,0.2,0.5,55.7,42.1,1.8,79.4,6.8,6.0,1.0,2.2,3.4,1.3,39.1,60.9,19.2
43902001,43902,ANNA H S,ANNA ISD,89.0,11.2,4.1,15.5,6.1,21.6,22.1,31.4,7.0,0.9,1.8,50.7,35.7,0.9,104.3,119.8,0,6,0,0,86803,106334,71506,64958,66508,68018,76658,79216,82251,0.9,0.0,2.5,7.8,10.8,67.1,0.0,34.9,54.1,2.7,10.7,47.5,18.4,1.2,0.6,0.0,12.3,9.0,0.0,4.0,2.0,4.8,2.5,34.5,74.3,9.3,3.4,12.9,87.1,28.8,6.8,24.3,24.9,35.3,7.8,1.0,53.4,20.7,1.3,0.7,0.0,13.8,10.1,2.0,56.9,40.1,1.0,75.3,8.8,12.1,0.0,1.0,2.8,0.0,39.3,60.7,16.7
43903001,43903,CELINA H S,CELINA ISD,76.7,8.9,7.2,7.2,5.0,13.6,18.0,26.1,13.0,1.0,1.9,48.4,26.2,0.2,92.8,100.1,0,3,0,1,75025,90522,61883,56328,56038,62113,62676,66942,78394,0.0,0.0,0.0,1.0,4.5,70.2,1.0,34.6,42.1,5.3,12.2,48.4,14.6,1.0,0.0,0.3,6.9,5.5,0.0,9.0,1.0,4.3,4.0,9.4,76.7,8.9,7.2,7.2,92.8,9.4,6.5,17.7,23.5,34.1,16.9,1.3,63.1,19.0,1.3,0.0,0.4,9.0,7.2,2.5,63.1,34.1,0.3,91.5,1.3,5.9,0.0,0.0,0.0,1.3,45.1,54.9,15.3
43904001,43904,FARMERSVILLE H S,FARMERSVILLE ISD,43.1,3.6,2.1,6.9,0.7,4.9,8.2,15.9,12.3,1.0,1.2,25.7,16.3,0.0,48.9,55.8,2,1,0,0,73386,100647,73437,56749,62482,64625,74700,82296,82098,0.0,0.0,0.9,0.9,2.7,38.6,0.0,23.3,19.8,5.7,15.2,26.8,9.9,0.0,0.1,0.0,3.3,3.0,0.0,5.0,5.0,10.0,10.0,7.4,77.3,6.5,3.8,12.4,87.6,13.2,1.7,11.3,19.1,36.9,28.5,2.4,62.2,22.9,0.0,0.2,0.0,7.8,6.9,2.7,59.6,37.7,0.0,89.5,2.1,6.3,0.0,0.0,2.1,0.0,54.0,46.0,15.8
43905001,43905,FRISCO H S,FRISCO ISD,133.5,12.0,9.0,14.2,10.8,18.8,19.7,50.2,26.8,7.2,0.0,78.4,52.1,3.0,154.4,168.5,0,5,0,1,79858,90767,67778,55276,61349,64542,69551,73218,79698,4.0,2.0,5.9,7.9,14.8,98.0,1.0,61.3,72.2,7.7,14.3,90.8,12.6,1.7,0.7,0.8,10.3,16.7,0.0,12.0,12.0,7.2,4.8,43.4,79.2,7.1,5.3,8.4,91.6,25.8,8.1,14.1,14.8,37.6,20.0,5.4,68.0,9.4,1.2,0.5,0.6,7.7,12.5,0.0,58.7,39.0,2.2,73.4,5.9,11.1,1.5,3.0,4.4,0.7,45.9,54.1,15.0
43905002,43905,CENTENNIAL H S,FRISCO ISD,130.9,9.8,8.0,14.3,8.2,24.3,30.5,41.4,21.3,5.2,1.0,79.0,46.1,4.9,148.7,163.1,0,5,0,1,81766,91236,67378,59954,61551,64427,69048,73401,85722,2.0,0.0,6.9,10.8,11.5,97.8,2.0,55.9,75.0,6.6,12.8,80.7,15.2,1.0,0.5,2.0,10.2,21.4,0.0,2.0,2.0,7.8,5.2,47.8,80.3,6.0,4.9,8.8,91.2,29.3,6.2,18.6,23.3,31.6,16.3,4.0,61.6,11.6,0.8,0.4,1.5,7.8,16.3,0.8,60.3,35.2,3.8,74.7,8.3,8.8,0.0,1.5,5.3,1.5,42.7,57.3,15.5
43905005,43905,WAKELAND H S,FRISCO ISD,129.4,11.0,8.5,10.9,7.9,20.5,31.1,48.7,19.3,2.0,0.0,74.9,53.1,1.4,148.9,159.7,0,5,0,1,80192,92948,67149,59957,61472,64356,69504,73854,75215,0.0,1.0,3.9,6.9,10.9,105.2,1.5,56.0,73.4,7.3,12.3,84.3,13.2,1.0,0.2,1.2,11.8,17.8,0.0,8.0,8.0,10.0,8.0,30.0,81.0,6.9,5.3,6.8,93.2,18.8,6.1,15.8,24.0,37.6,14.9,1.5,65.2,10.2,0.8,0.2,0.9,9.1,13.7,0.0,57.9,41.0,1.1,81.3,5.3,8.4,0.8,0.0,3.0,1.2,43.3,56.7,16.7
43905006,43905,LIBERTY H S,FRISCO ISD,122.9,11.1,9.0,12.1,6.2,43.3,22.5,41.3,8.1,1.4,0.0,79.0,42.0,1.9,143.0,155.1,0,5,0,1,77790,89769,65614,59960,61558,64287,68785,75630,85775,1.0,0.0,4.9,6.9,10.8,97.3,2.0,53.2,69.7,5.9,10.0,81.7,12.5,1.0,0.2,1.3,9.7,16.6,0.0,2.0,2.0,9.2,7.0,34.1,79.2,7.1,5.8,7.8,92.2,22.0,5.0,35.3,18.3,33.6,6.6,1.1,66.5,10.2,0.8,0.1,1.0,7.9,13.5,0.0,64.3,34.2,1.5,79.2,5.6,8.8,0.0,0.8,4.0,1.6,43.3,56.7,14.1
43905007,43905,HERITAGE H S,FRISCO ISD,134.9,11.0,8.0,11.7,7.0,27.7,28.3,45.3,22.9,3.7,0.0,82.7,52.2,0.0,153.9,165.5,0,5,0,1,78415,89734,67013,59973,61378,64779,68269,74681,76848,3.0,1.0,2.0,9.3,13.8,104.9,1.0,60.6,74.3,6.2,12.2,89.7,12.1,1.0,0.5,1.1,11.9,18.6,0.0,1.0,1.0,6.4,5.6,41.3,81.5,6.7,4.8,7.0,93.0,24.9,5.2,20.5,21.0,33.6,17.0,2.7,66.5,9.0,0.7,0.3,0.8,8.8,13.8,0.0,61.3,38.7,0.0,77.8,6.9,10.2,0.7,2.2,1.5,0.7,44.9,55.1,15.7
43905008,43905,LONE STAR H S,FRISCO ISD,128.2,10.9,8.5,11.6,3.0,27.3,32.7,48.4,14.7,2.1,0.0,83.6,42.7,2.0,147.6,159.2,0,5,0,1,78451,87048,66847,59967,61443,64409,69430,73931,75440,1.6,0.0,6.3,11.8,16.5,91.0,1.0,58.2,70.0,6.3,11.9,87.7,12.9,1.0,0.4,0.6,11.3,14.3,0.0,3.0,3.0,4.4,2.2,51.7,80.5,6.8,5.4,7.3,92.7,32.5,2.3,21.3,25.5,37.7,11.5,1.7,68.4,10.0,0.8,0.3,0.5,8.8,11.2,0.0,65.2,33.3,1.5,71.0,9.2,12.8,0.0,1.3,4.9,0.8,45.4,54.6,15.2
43905009,43905,INDEPENDENCE H S,FRISCO ISD,110.4,10.5,7.3,12.5,2.7,28.4,29.6,35.3,12.4,2.0,0.0,68.6,39.8,2.0,128.1,140.7,0,5,0,1,75881,96481,66482,59959,61612,64870,68968,74411,75431,1.0,0.0,2.1,6.9,11.4,88.0,1.0,48.3,62.1,5.4,11.0,72.2,10.6,0.8,0.5,2.0,8.5,15.8,0.0,11.0,11.0,7.4,4.6,34.4,78.5,7.5,5.2,8.9,91.1,24.4,2.4,25.8,26.8,32.0,11.2,1.8,65.4,9.6,0.7,0.5,1.8,7.7,14.3,0.0,62.1,36.1,1.8,79.7,6.3,10.3,0.0,0.9,1.9,0.9,43.7,56.3,15.1
43905010,43905,REEDY H S,FRISCO ISD,135.8,10.1,7.5,14.7,5.3,40.9,28.0,42.9,15.7,3.0,1.0,90.6,43.2,1.0,153.4,168.0,0,4,0,1,77873,91672,65909,53384,61311,64239,69384,73687,75778,3.0,1.0,8.7,4.7,6.9,110.6,1.0,55.8,80.0,4.7,10.7,86.6,13.3,0.6,0.2,2.0,13.3,19.8,0.0,5.0,5.0,7.4,4.4,36.0,80.8,6.0,4.5,8.7,91.3,21.5,3.9,30.1,20.6,31.6,11.6,2.2,63.8,9.8,0.5,0.2,1.4,9.8,14.5,0.7,66.7,31.8,0.7,81.4,3.4,5.1,0.7,2.2,6.4,0.7,41.1,58.9,16.1
43905011,43905,LEBANON TRAIL H S,FRISCO ISD,136.3,12.0,7.8,10.3,5.8,39.7,36.3,38.3,15.2,1.0,0.0,75.1,59.1,2.2,156.1,166.3,0,5,0,1,76700,86157,65821,59956,61374,63935,69272,74863,75196,1.0,1.0,5.9,19.4,16.5,92.6,0.0,58.9,77.5,4.3,10.2,92.9,12.9,1.0,0.2,1.6,9.8,18.1,0.0,1.0,1.0,2.2,2.2,59.8,82.0,7.2,4.7,6.2,93.8,36.0,4.2,29.1,26.6,28.1,11.2,0.7,68.1,9.4,0.7,0.1,1.1,7.2,13.3,0.0,55.1,43.3,1.6,67.9,14.2,12.1,0.7,0.7,4.3,0.0,43.2,56.8,15.5
43905012,43905,MEMORIAL H S,FRISCO ISD,111.6,11.1,7.6,10.8,6.9,29.8,24.1,31.6,15.8,3.5,0.0,70.0,41.6,0.0,130.3,141.1,0,5,0,1,77805,88159,66786,59962,61692,66572,69315,72580,76058,2.0,0.0,5.9,13.2,10.8,79.7,0.0,41.2,70.4,4.8,11.2,79.4,9.3,1.0,0.3,0.9,9.0,11.8,0.0,5.0,2.0,3.2,3.0,42.4,79.1,7.9,5.4,7.7,92.3,30.1,6.2,26.7,21.6,28.3,14.1,3.1,71.1,8.3,0.9,0.3,0.8,8.1,10.6,0.0,62.7,37.3,0.0,71.4,11.8,9.7,0.0,1.8,5.3,0.0,36.9,63.1,13.1
43905013,43905,EMERSON H S,FRISCO ISD,118.6,11.0,8.0,8.5,5.6,47.2,30.4,27.5,7.0,1.0,0.0,74.5,42.1,2.0,137.6,146.1,0,5,0,1,79026,89262,64646,59965,61340,64327,69319,72461,73973,1.0,1.0,7.9,18.4,11.7,76.7,1.9,52.6,66.0,3.0,8.3,76.8,12.2,0.0,0.3,1.2,12.8,15.4,0.0,4.0,4.0,3.0,3.0,45.9,81.2,7.5,5.5,5.8,94.2,31.4,4.8,39.8,25.6,23.2,5.9,0.8,64.7,10.3,0.0,0.2,1.0,10.8,13.0,0.0,62.8,35.5,1.7,64.7,15.5,9.9,0.8,0.8,6.6,1.6,44.4,55.6,14.9
43905014,43905,PANTHER CREEK H S,FRISCO ISD,92.0,9.6,8.0,8.0,3.9,33.5,31.6,17.3,5.5,0.2,0.0,58.4,32.5,1.0,109.5,117.6,0,4,0,1,75663,88222,64792,56190,61479,65490,68358,75375,78065,1.0,0.0,3.9,14.8,9.4,61.9,1.0,38.2,53.8,3.2,8.8,66.1,7.9,1.0,0.2,0.5,7.8,8.5,0.0,3.0,3.0,4.8,3.2,39.7,78.2,8.2,6.8,6.8,93.2,33.7,4.3,36.4,34.3,18.8,6.0,0.2,71.9,8.6,1.1,0.2,0.5,8.5,9.3,0.0,63.5,35.4,1.1,67.3,16.1,10.2,0.0,1.1,4.3,1.1,41.5,58.5,12.7
43907002,43907,MCKINNEY H S,MCKINNEY ISD,172.4,19.1,10.5,21.2,14.8,34.1,38.9,52.5,26.0,6.0,1.4,102.8,67.2,1.0,202.0,223.2,0,9,1,0,76675,104837,66744,62285,63230,64250,68274,72396,75972,2.4,0.0,3.0,15.5,19.4,123.3,8.8,73.8,98.6,7.1,11.6,135.9,16.6,6.1,0.0,2.8,11.1,0.0,0.0,2.0,2.0,5.9,4.3,56.1,77.2,8.6,4.7,9.5,90.5,25.1,8.6,19.8,22.6,30.5,15.1,3.5,78.8,9.6,3.5,0.0,1.6,6.4,0.0,0.8,59.6,39.0,0.6,71.6,9.0,11.3,0.0,1.4,1.7,5.1,42.8,57.2,16.3
43907004,43907,MCKINNEY NORTH H S,MCKINNEY ISD,135.2,14.5,9.6,16.2,9.7,34.5,26.0,34.2,27.8,3.0,0.3,92.3,41.6,1.0,159.3,175.5,0,7,0,1,76576,101785,66106,61142,62169,65126,67382,70967,76250,0.3,0.0,3.0,11.6,15.5,100.7,4.0,63.7,71.5,6.9,11.6,105.8,10.1,1.2,0.0,0.7,17.5,0.0,0.0,8.0,8.0,8.2,5.5,40.4,77.1,8.3,5.5,9.2,90.8,23.0,7.2,25.5,19.2,25.3,20.6,2.2,78.2,7.5,0.9,0.0,0.5,12.9,0.0,0.3,68.2,30.8,0.7,74.5,8.6,11.5,0.0,0.3,2.2,3.0,47.1,52.9,16.8
43907007,43907,MCKINNEY BOYD H S,MCKINNEY ISD,153.1,16.7,10.9,12.8,15.2,23.1,31.0,50.2,32.5,1.0,0.2,100.0,49.9,3.0,180.8,193.6,0,7,1,0,74954,103387,66646,60948,62194,63791,68768,71679,74450,1.2,0.0,5.0,7.9,6.7,129.4,3.0,63.7,89.4,7.0,12.1,116.3,15.7,3.5,0.0,3.2,14.4,0.0,0.0,10.0,10.0,13.3,10.4,32.6,79.1,8.6,5.6,6.6,93.4,16.9,9.9,15.1,20.2,32.8,21.2,0.7,75.9,10.3,2.3,0.0,2.1,9.4,0.0,0.1,65.3,32.6,2.0,84.5,5.1,4.4,0.0,0.8,3.3,2.0,41.6,58.4,16.6
43908001,43908,MELISSA H S,MELISSA ISD,111.7,11.2,9.3,11.5,3.9,28.6,25.6,36.5,13.2,3.8,2.0,66.3,41.7,1.8,132.1,143.7,2,2,1,0,76031,91986,64515,56996,59819,62385,66613,72353,74579,2.0,0.0,0.9,7.1,8.0,87.8,5.9,55.7,56.0,3.2,11.8,69.6,22.2,0.0,0.0,0.0,3.4,16.4,0.0,6.0,6.0,4.3,2.2,26.8,77.8,7.8,6.4,8.0,92.0,18.7,3.5,25.6,22.9,32.7,11.9,3.4,62.3,19.9,0.0,0.0,0.0,3.1,14.7,1.8,59.3,37.3,1.6,78.6,6.4,7.2,0.0,1.8,0.8,5.3,49.8,50.2,15.8
43910001,43910,PLANO SR H S,PLANO ISD,136.5,14.0,9.0,0.0,16.3,33.9,17.3,46.0,17.4,5.6,3.0,71.3,62.3,0.0,159.5,159.5,0,8,0,1,75603,100983,66106,58800,63349,64754,68093,70590,78047,0.0,0.0,12.1,8.8,15.1,97.7,3.0,53.1,83.5,8.7,11.8,64.3,17.8,4.1,1.0,2.0,34.0,13.4,0.0,8.0,8.0,9.5,8.8,41.9,85.6,8.8,5.6,0.0,100.0,26.3,11.9,24.9,12.7,33.7,12.8,4.1,47.1,13.0,3.0,0.7,1.5,24.9,9.8,2.2,52.2,45.6,0.0,71.5,6.4,11.1,0.0,0.0,8.8,2.2,38.9,61.1,16.5
43910003,43910,WILLIAMS H S,PLANO ISD,73.3,8.0,5.0,0.0,16.3,21.1,16.3,14.4,5.2,0.0,1.4,44.5,25.5,2.0,86.3,86.3,0,4,0,1,71934,92788,64231,60789,62609,64723,67672,70575,.,0.0,0.0,10.2,10.9,13.3,38.0,1.0,26.4,46.9,5.9,7.5,39.2,2.8,1.1,0.0,1.2,19.1,10.0,0.0,7.0,7.0,8.5,7.0,39.3,85.0,9.2,5.8,0.0,100.0,45.6,22.3,28.8,22.2,19.7,7.1,0.0,53.4,3.8,1.5,0.0,1.6,26.1,13.6,1.9,60.6,34.8,2.7,51.8,14.9,18.1,0.0,0.0,13.8,1.4,36.1,63.9,16.2
43910004,43910,VINES H S,PLANO ISD,58.5,6.0,4.8,0.0,3.8,21.6,13.3,11.9,8.0,0.0,0.0,34.8,22.7,1.0,69.3,69.3,0,3,0,1,69577,90934,64388,65454,61612,64410,64751,70846,.,0.0,0.0,6.3,4.0,6.4,39.9,2.0,22.7,35.8,5.2,8.8,33.3,2.4,1.4,0.0,2.0,12.1,7.3,0.0,5.0,5.0,5.3,5.0,21.5,84.4,8.6,7.0,0.0,100.0,31.0,6.5,37.0,22.7,20.3,13.6,0.0,56.9,4.1,2.4,0.0,3.4,20.7,12.4,0.0,59.5,38.8,1.7,68.2,6.8,10.9,0.0,0.0,10.8,3.4,38.8,61.2,16.8
43910005,43910,CLARK H S,PLANO ISD,81.2,8.0,5.0,5.6,18.9,14.4,11.5,23.4,9.9,3.0,0.9,51.3,27.0,2.0,94.2,99.8,0,4,0,1,68691,89366,62073,50955,61729,61477,65846,70345,79489,0.0,0.0,3.6,9.0,8.5,59.2,1.0,26.0,55.2,6.9,10.2,39.6,2.6,1.9,1.0,1.0,23.8,11.3,0.0,6.0,6.0,1.3,1.3,30.4,81.3,8.0,5.0,5.6,94.4,30.5,23.3,17.7,14.2,28.8,12.3,3.7,48.8,3.2,2.4,1.2,1.2,29.3,13.9,1.1,63.2,33.2,2.5,72.9,11.0,10.4,0.0,0.0,4.4,1.2,32.0,68.0,15.3
43910006,43910,PLANO EAST SR H S,PLANO ISD,173.1,15.9,10.0,4.8,14.2,26.9,36.6,50.6,38.4,6.5,1.0,84.8,77.5,9.8,199.1,203.8,0,10,0,1,77129,98968,67283,59007,62833,64770,68544,71883,80980,1.0,0.0,6.7,17.2,15.4,126.3,6.5,75.6,97.6,9.6,13.7,87.2,19.8,2.9,2.0,4.3,31.6,25.4,0.0,3.0,3.0,9.2,8.7,50.5,84.9,7.8,4.9,2.3,97.7,24.8,8.2,15.5,21.1,29.2,22.2,3.7,50.3,11.4,1.7,1.1,2.5,18.2,14.7,0.6,49.0,44.8,5.7,72.9,9.9,8.9,0.0,0.6,3.9,3.8,43.6,56.4,17.6
43910007,43910,SHEPTON H S,PLANO ISD,82.6,7.8,5.0,3.9,19.7,18.1,17.9,17.6,6.0,3.4,0.0,58.3,24.3,0.0,95.4,99.3,0,4,0,1,71431,87913,64588,59545,63604,64251,66391,71071,80142,0.0,0.0,5.4,14.2,16.4,46.7,0.0,28.2,54.4,6.2,9.1,48.9,2.4,4.5,1.0,1.1,13.5,11.2,0.0,14.0,14.0,1.8,1.8,42.6,83.2,7.9,5.0,3.9,96.1,42.8,23.8,21.9,21.7,21.3,7.2,4.1,59.2,2.9,5.5,1.2,1.3,16.4,13.6,0.0,70.6,29.4,0.0,56.5,17.1,19.9,0.0,0.0,6.5,0.0,34.1,65.9,17.0
43910008,43910,ACADEMY H S,PLANO ISD,27.7,2.0,2.0,0.0,5.9,5.0,6.9,5.0,5.0,0.0,0.0,9.9,16.8,1.0,31.7,31.7,0,1,0,0,54362,74014,65560,63468,62255,65084,66593,70982,.,0.0,0.0,0.0,0.0,1.9,24.8,1.0,10.8,16.9,6.0,9.5,23.8,0.0,0.0,1.0,0.0,1.0,2.0,0.0,2.0,2.0,2.0,2.0,1.9,87.4,6.3,6.3,0.0,100.0,6.1,21.3,17.9,24.9,17.9,17.9,0.0,85.7,0.0,0.0,3.6,0.0,3.5,7.2,0.0,35.7,60.7,3.6,89.5,0.0,6.9,0.0,0.0,0.0,3.6,39.1,60.9,10.7
43910009,43910,JASPER H S,PLANO ISD,71.2,7.6,4.8,0.0,10.8,13.6,17.4,19.5,8.0,2.0,0.0,41.5,27.8,1.9,83.6,83.6,0,4,0,1,75380,90821,63950,57326,63076,59896,67606,71044,77273,0.0,0.0,8.6,4.7,11.8,42.1,4.0,26.6,44.6,6.6,10.3,44.5,3.3,0.5,0.0,3.6,13.1,6.4,0.0,14.0,14.0,3.8,2.5,28.9,85.2,9.1,5.8,0.0,100.0,34.6,15.2,19.1,24.4,27.3,11.2,2.8,62.4,4.6,0.7,0.0,5.0,18.3,9.0,0.0,58.3,39.1,2.7,59.2,6.6,16.6,0.0,0.0,12.1,5.6,37.4,62.6,18.2
43910010,43910,PLANO WEST SENIOR H S,PLANO ISD,146.7,14.0,8.1,2.0,9.3,18.1,39.9,51.0,25.4,3.0,0.0,89.3,53.4,4.0,168.8,170.7,0,8,0,1,75910,107889,66591,61983,63534,64986,67362,69649,81725,2.0,0.0,9.9,13.5,12.1,109.1,0.0,62.3,84.4,9.2,12.9,84.5,15.8,2.8,2.0,3.0,30.5,8.2,0.0,14.0,14.0,11.0,9.3,49.5,85.9,8.2,4.7,1.1,98.9,29.0,6.3,12.4,27.2,34.8,17.3,2.0,57.6,10.8,1.9,1.4,2.0,20.8,5.6,0.0,60.9,36.4,2.7,74.4,9.2,8.3,0.0,1.4,6.8,0.0,42.5,57.5,17.8
43910011,43910,MCMILLEN H S,PLANO ISD,66.5,8.0,5.0,1.1,8.0,21.5,13.0,16.1,7.0,1.0,0.6,38.5,26.3,1.0,79.4,80.6,0,4,0,1,72835,79231,63371,46357,62686,65168,67156,71521,73110,0.0,0.0,5.4,9.6,4.6,46.1,0.8,26.4,40.0,6.1,9.5,35.0,3.8,1.7,1.0,1.5,12.5,11.0,0.0,3.0,3.0,5.3,4.3,25.7,82.5,9.9,6.2,1.4,98.6,31.9,12.0,32.3,19.5,24.2,10.5,1.5,52.6,5.8,2.6,1.5,2.3,18.8,16.5,1.0,58.0,39.6,1.5,69.4,14.5,6.9,0.0,0.0,8.1,1.2,39.8,60.2,16.5
43911001,43911,PRINCETON H S,PRINCETON ISD,103.3,5.6,5.0,13.4,2.2,32.4,26.5,28.7,9.5,4.0,26.7,47.9,28.6,0.0,113.9,127.3,1,3,1,0,81153,88209,67998,56449,62052,66454,73924,80330,60944,1.0,0.8,3.0,9.1,9.9,78.0,1.5,49.0,54.3,3.7,11.0,70.2,21.1,0.9,0.0,0.2,4.9,6.1,0.0,5.0,5.0,4.3,2.5,29.8,81.1,4.4,3.9,10.5,89.5,23.4,2.2,31.3,25.7,27.8,9.2,3.8,67.9,20.4,0.8,0.0,0.2,4.7,5.9,25.9,46.4,27.7,0.0,75.5,8.9,9.6,0.8,1.0,2.9,1.5,47.5,52.5,16.9
43911004,43911,LOVELADY H S,PRINCETON ISD,43.1,3.5,3.0,5.1,0.4,13.0,7.2,14.6,5.8,2.0,10.7,19.7,12.7,0.0,49.6,54.7,0,2,0,0,82866,84387,68752,56000,64266,64511,70802,76602,78260,0.0,0.2,1.0,3.8,7.1,29.0,2.0,16.7,26.4,3.7,12.8,33.2,0.9,0.5,0.0,0.2,2.1,6.2,0.0,5.0,5.0,2.0,1.0,18.6,78.8,6.4,5.5,9.3,90.7,34.0,1.0,30.2,16.7,33.9,13.5,4.6,77.0,2.2,1.1,0.0,0.4,4.9,14.4,24.8,45.7,29.5,0.0,67.2,8.7,16.6,0.5,0.0,2.3,4.6,38.7,61.3,14.8
43912001,43912,PROSPER H S,PROSPER ISD,207.4,11.2,8.0,18.9,17.3,46.4,52.8,60.4,28.4,2.0,1.0,129.0,73.4,4.0,226.6,245.4,0,9,1,0,75556,91842,65006,60269,60696,61394,68086,74068,79744,0.0,0.0,6.0,10.0,20.0,168.4,3.0,92.1,115.3,3.3,10.7,172.4,31.4,0.0,0.6,1.0,2.0,0.0,0.0,5.0,5.0,3.6,1.9,43.0,84.5,4.6,3.3,7.7,92.3,17.5,8.4,22.4,25.5,29.1,13.7,1.0,83.1,15.2,0.0,0.3,0.5,1.0,0.0,0.5,62.2,35.4,1.9,81.2,4.8,9.6,0.0,0.0,2.9,1.4,44.4,55.6,16.6
43912005,43912,ROCK HILL H S,PROSPER ISD,172.4,9.8,8.0,18.5,8.7,41.2,46.5,55.5,20.5,0.0,0.0,95.5,73.0,4.0,190.2,208.8,0,8,1,0,73788,99589,64749,53296,60052,61793,69066,74125,.,0.0,0.0,4.5,20.2,13.0,132.7,2.0,72.5,99.9,2.3,10.8,140.0,24.7,0.0,0.6,0.2,6.9,0.0,0.0,5.0,3.0,6.7,4.2,52.4,82.6,4.7,3.8,8.9,91.1,25.1,5.1,23.9,27.0,32.2,11.9,0.0,81.2,14.4,0.0,0.4,0.1,4.0,0.0,0.0,55.4,42.3,2.3,77.0,11.7,7.5,0.0,0.0,2.6,1.2,42.1,57.9,13.8
43914001,43914,WYLIE H S,WYLIE ISD,173.1,17.5,7.6,23.6,11.7,39.2,39.1,50.5,27.1,5.4,2.3,107.8,59.0,4.0,198.3,221.9,0,9,1,0,79376,99340,68408,55830,67116,67241,69157,73722,79624,2.0,0.0,5.0,9.2,15.6,138.2,3.0,76.5,96.5,5.9,12.1,93.9,31.2,1.8,0.3,1.5,12.1,32.3,1.0,4.0,4.0,5.4,3.6,43.0,78.0,7.9,3.4,10.6,89.4,19.4,6.7,22.7,22.6,29.2,15.7,3.1,54.3,18.0,1.0,0.2,0.9,7.0,18.7,1.3,62.3,34.1,2.3,79.9,5.3,9.0,0.0,1.2,2.9,1.7,44.2,55.8,17.9
43914003,43914,WYLIE EAST H S,WYLIE ISD,151.9,15.4,6.0,23.9,25.0,37.7,23.6,41.8,23.5,0.2,4.0,88.2,56.7,3.0,173.4,197.3,0,8,0,1,78133,103776,67863,62817,63736,68592,69260,76434,87164,0.0,0.0,3.0,10.5,16.8,118.1,3.5,71.5,80.3,5.0,10.1,101.2,21.7,0.7,0.0,1.0,10.5,16.8,0.1,9.0,9.0,4.5,3.8,41.1,77.0,7.8,3.1,12.1,87.9,20.8,16.5,24.8,15.5,27.5,15.5,0.2,66.6,14.3,0.5,0.0,0.7,6.9,11.1,2.6,58.1,37.3,2.0,77.7,6.9,11.1,0.0,0.0,2.0,2.3,47.1,52.9,17.4
43917001,43917,BLUE RIDGE H S,BLUE RIDGE ISD,26.4,2.3,2.0,4.7,1.0,5.8,3.0,9.7,7.0,0.0,0.0,19.7,6.7,0.0,30.7,35.4,0,1,1,0,68793,91042,67437,61287,55273,73599,69644,72702,.,0.0,0.0,0.0,1.0,1.0,23.4,1.0,14.8,11.6,4.1,13.3,14.7,8.0,0.4,0.0,0.0,1.7,1.7,0.0,11.0,4.0,2.0,1.0,3.9,74.6,6.5,5.7,13.3,86.7,11.1,3.7,21.9,11.3,36.6,26.4,0.0,55.6,30.2,1.3,0.0,0.0,6.5,6.4,0.0,74.6,25.4,0.0,88.8,3.7,3.7,0.0,0.0,0.0,3.7,56.2,43.8,11.2
43918001,43918,COMMUNITY H S,COMMUNITY ISD,70.6,7.5,5.1,4.4,1.8,22.1,15.4,22.3,7.1,2.0,3.0,44.0,22.6,1.0,83.3,87.7,0,4,1,0,77410,95521,71444,64653,67724,69040,73744,80454,79426,0.0,0.0,0.0,4.4,6.6,57.0,2.6,31.2,39.5,3.7,10.9,43.4,14.5,0.2,0.0,0.0,12.6,0.0,0.0,5.0,5.0,3.8,3.5,12.8,80.6,8.6,5.8,5.0,95.0,14.6,2.5,31.3,21.8,31.5,10.1,2.8,61.4,20.5,0.2,0.0,0.0,17.9,0.0,4.2,62.4,32.0,1.4,80.7,6.2,9.4,0.0,0.0,0.0,3.7,44.1,55.9,16.7
43919001,43919,LOVEJOY H S,LOVEJOY ISD,102.2,11.9,5.4,7.5,1.4,30.2,24.3,31.3,14.2,0.9,0.0,64.0,36.2,2.0,119.5,127.0,0,5,0,1,73856,107650,61109,53687,56339,59959,63506,71463,15710,0.0,0.0,2.0,5.4,9.3,83.5,2.0,51.7,50.5,4.4,11.5,68.3,13.3,0.0,0.3,4.9,3.4,12.1,0.0,6.0,2.0,3.5,1.5,23.4,80.5,9.4,4.3,5.9,94.1,18.4,1.4,29.5,23.8,30.6,13.9,0.9,66.8,13.0,0.0,0.3,4.7,3.3,11.8,0.0,62.6,35.4,2.0,81.7,5.3,9.1,0.0,0.0,2.0,2.0,50.6,49.4,15.6
57802001,57802,PEGASUS CHARTER H S,PEGASUS SCHOOL OF LIBERAL ARTS AND SCIENCES,23.3,2.2,7.1,3.0,1.2,11.2,5.9,5.0,0.0,0.0,0.0,19.5,3.7,0.0,32.6,35.6,0,0,0,0,113510,111258,72655,97145,76868,65923,65340,.,.,0.0,0.0,0.5,9.8,4.1,7.9,1.0,3.4,19.8,3.6,6.7,21.3,0.0,0.0,0.0,0.0,2.0,0.0,0.0,7.0,7.0,1.0,1.0,21.4,65.3,6.2,20.0,8.4,91.6,60.1,5.0,48.3,25.2,21.5,0.0,0.0,91.4,0.0,0.0,0.0,0.0,8.6,0.0,0.0,83.9,16.1,0.0,33.8,42.2,17.8,0.0,0.0,2.0,4.3,14.8,85.2,19.4
57803002,57803,UPLIFT EDUCATION-NORTH HILLS PREP H S,UPLIFT EDUCATION,32.7,4.7,4.0,1.8,0.7,3.1,5.4,14.2,7.3,2.1,2.1,22.6,7.6,0.5,41.4,43.1,0,3,0,0,65521,92324,74593,57837,63327,66898,73563,85876,84456,0.0,1.0,3.2,2.4,4.7,21.4,0.0,9.8,22.9,9.8,16.0,26.8,2.2,0.3,0.0,0.0,1.5,1.9,0.0,7.0,7.0,4.0,4.0,16.8,75.8,10.9,9.3,4.1,95.9,38.8,2.2,9.4,16.5,43.3,22.3,6.3,81.9,6.9,1.0,0.0,0.0,4.4,5.8,6.3,69.0,23.3,1.4,65.4,7.4,14.2,3.1,0.0,9.9,0.0,30.0,70.0,15.7
57803004,57803,UPLIFT WILLIAMS PREPARATORY H S,UPLIFT EDUCATION,38.4,8.7,3.0,2.9,3.2,15.7,12.2,6.2,1.0,0.0,13.7,14.7,10.0,0.0,50.1,53.0,0,4,0,0,66145,92333,64553,68945,59145,65859,70860,80000,.,0.0,0.0,1.0,9.7,14.5,13.2,0.0,17.7,20.6,3.6,6.6,33.4,2.4,0.4,0.0,0.0,2.2,0.0,0.0,5.0,5.0,2.0,2.0,35.9,72.4,16.5,5.7,5.4,94.6,67.7,8.4,41.0,31.7,16.3,2.6,0.0,87.0,6.2,1.1,0.0,0.0,5.7,0.0,35.6,38.3,26.1,0.0,34.3,25.3,37.8,0.0,0.0,2.6,0.0,46.2,53.8,15.7
57803005,57803,UPLIFT LUNA PREPARATORY H S,UPLIFT EDUCATION,31.4,9.3,4.0,3.8,7.3,15.2,4.7,3.2,0.0,1.0,13.0,13.2,4.2,1.0,44.7,48.5,0,4,0,0,63817,82114,62126,59329,61965,57083,71055,.,80000,0.0,0.0,3.0,14.7,9.9,3.8,0.0,10.8,20.6,1.7,4.8,26.3,1.6,0.3,0.0,0.0,3.1,0.0,0.0,3.0,3.0,13.5,2.0,42.7,64.7,19.2,8.2,7.8,92.2,88.0,23.1,48.3,15.1,10.3,0.0,3.2,83.9,5.2,1.0,0.0,0.0,9.9,0.0,41.4,42.0,13.4,3.2,12.1,46.8,31.5,0.0,0.0,9.6,0.0,34.4,65.6,14.1
57803006,57803,UPLIFT HEIGHTS PREPARATORY H S,UPLIFT EDUCATION,35.1,3.6,1.6,2.0,3.5,16.3,6.5,6.0,2.8,0.0,13.2,14.1,4.8,3.0,40.3,42.3,2,2,0,0,60356,56291,62249,49306,59989,66235,70583,64650,.,0.0,0.0,0.0,10.5,13.2,9.6,1.8,11.6,23.5,2.8,6.4,32.6,2.2,0.3,0.0,0.0,0.0,0.0,0.0,1.0,1.0,1.0,1.0,30.5,82.9,8.5,3.9,4.7,95.3,72.1,10.0,46.6,18.5,17.1,7.9,0.0,92.9,6.2,0.9,0.0,0.0,0.0,0.0,37.5,40.1,13.8,8.6,27.3,30.0,37.6,0.0,0.0,0.0,5.1,33.0,67.0,14.1
57803007,57803,UPLIFT HAMPTON PREPARATORY H S,UPLIFT EDUCATION,30.0,9.0,3.6,4.0,7.6,11.3,6.9,1.2,3.0,0.0,11.6,13.2,5.2,0.0,42.7,46.6,2,2,0,0,62989,78463,63914,62723,58940,72566,68219,64077,.,0.0,0.0,1.0,19.0,4.8,4.2,1.0,8.4,21.6,2.4,5.9,25.7,1.7,0.3,0.0,0.0,2.4,0.0,0.0,3.0,3.0,2.7,2.7,38.6,64.4,19.3,7.8,8.5,91.5,82.8,25.2,37.8,22.9,4.1,10.0,0.0,85.5,5.5,1.0,0.0,0.0,8.0,0.0,38.6,44.0,17.4,0.0,14.1,63.2,16.1,0.0,0.0,3.3,3.3,28.1,71.9,13.4
57803009,57803,UPLIFT SUMMIT INTERNATIONAL H S,UPLIFT EDUCATION,30.3,6.2,2.3,3.0,2.0,8.3,9.0,10.9,0.1,0.0,9.2,13.6,7.5,0.0,38.8,41.8,1,3,0,0,65096,98881,66642,60000,62013,65330,72368,76000,.,0.0,0.0,2.0,10.1,8.1,10.1,0.0,12.7,17.7,4.7,8.4,27.2,1.9,0.3,0.0,0.0,1.0,0.0,0.0,7.0,7.0,1.0,1.0,29.7,72.5,14.8,5.6,7.2,92.8,71.1,6.6,27.4,29.7,35.8,0.5,0.0,89.7,6.2,0.9,0.0,0.0,3.2,0.0,30.4,44.8,24.8,0.0,33.3,33.3,26.8,0.0,0.0,6.6,0.0,41.8,58.2,14.3
57803010,57803,UPLIFT ATLAS PREPARATORY - H S,UPLIFT EDUCATION,34.5,4.4,4.0,3.0,3.2,11.1,7.7,11.5,1.0,0.0,6.5,21.0,6.0,1.0,42.9,45.9,2,2,0,0,70083,82166,66375,58536,62219,66195,71500,80000,.,0.0,0.0,1.0,3.0,9.8,20.7,0.0,11.7,22.8,5.1,8.5,29.3,1.9,0.3,0.0,0.0,2.9,0.0,0.0,3.0,3.0,2.5,2.5,22.2,75.2,9.5,8.7,6.5,93.5,48.4,9.3,32.2,22.2,33.4,2.9,0.0,85.0,5.6,0.8,0.0,0.0,8.5,0.0,18.9,60.9,17.3,2.9,60.0,8.7,28.4,0.0,0.0,2.9,0.0,33.8,66.2,14.5
57803013,57803,UPLIFT INFINITY H S,UPLIFT EDUCATION,24.8,4.4,3.3,0.2,3.1,8.8,7.1,5.7,0.1,0.0,4.4,12.3,8.1,0.0,32.5,32.7,2,1,0,0,71032,78158,66322,59932,65093,65661,72230,75000,.,0.0,0.0,3.0,4.5,9.2,8.1,0.0,8.9,15.9,3.2,7.1,22.4,1.3,0.5,0.0,0.0,0.6,0.0,0.0,1.0,1.0,4.0,3.5,20.7,75.7,13.5,10.1,0.7,99.3,63.3,12.3,35.5,28.5,23.1,0.5,0.0,90.5,5.0,2.0,0.0,0.0,2.4,0.0,17.7,49.5,32.8,0.0,32.6,18.3,37.0,0.0,0.0,12.1,0.0,35.7,64.3,14.1
57803014,57803,UPLIFT MIGHTY H S,UPLIFT EDUCATION,26.8,4.7,4.3,5.6,3.7,12.1,8.6,2.3,0.0,0.0,12.1,8.5,5.4,0.7,35.7,41.3,2,2,0,0,71575,76825,66437,64851,66558,65195,73037,.,.,0.0,0.0,1.0,13.3,5.2,5.5,1.8,8.3,18.5,2.2,5.9,23.3,1.6,0.3,0.0,0.0,1.6,0.0,0.0,7.0,2.0,5.3,5.0,33.0,64.9,11.3,10.4,13.5,86.5,80.0,13.8,45.4,32.2,8.6,0.0,0.0,87.1,5.9,1.0,0.0,0.0,6.0,0.0,45.3,31.9,20.1,2.7,20.5,49.8,19.3,0.0,0.0,3.7,6.7,30.9,69.1,15.4
57803016,57803,UPLIFT GRAND H S,UPLIFT EDUCATION,14.7,0.4,0.0,2.9,1.2,4.0,5.9,3.2,0.4,0.0,3.2,8.4,2.4,0.7,15.1,18.0,0,0,0,0,52079,.,67241,57838,61798,68000,74857,77000,.,0.0,0.7,1.0,3.9,2.2,6.0,1.0,4.8,9.9,4.6,7.8,10.9,1.6,0.3,0.0,0.0,1.9,0.0,0.0,0.0,0.0,0.0,0.0,10.0,81.7,2.3,0.0,16.0,84.0,55.7,8.0,27.1,40.3,21.7,2.8,0.0,74.0,11.0,2.0,0.0,0.0,13.0,0.0,21.9,56.8,16.5,4.8,40.7,26.5,14.7,4.5,0.0,6.8,6.8,32.8,67.2,24.6
57803019,57803,WISDOM H S,UPLIFT EDUCATION,11.0,0.1,0.0,0.0,0.7,5.7,2.8,0.9,0.8,0.0,6.9,3.2,0.9,0.0,11.1,11.1,0,0,0,0,52532,.,62120,64679,60425,65740,68708,51318,.,0.0,0.0,0.0,6.4,2.5,0.9,1.1,2.8,8.2,1.8,6.1,8.4,1.8,0.3,0.0,0.0,0.4,0.0,0.0,0.0,0.0,0.0,0.0,9.0,99.2,0.8,0.0,0.0,100.0,81.3,6.7,51.5,25.8,8.6,7.4,0.0,76.9,16.4,2.7,0.0,0.0,4.0,0.0,63.1,28.7,8.2,0.0,8.5,58.4,22.8,0.0,0.0,0.0,10.4,25.5,74.5,33.6
57807002,57807,LIFE H S WAXAHACHIE,LIFE SCHOOL,58.5,6.4,3.9,6.8,4.3,23.9,11.8,12.5,6.0,0.0,0.0,40.1,16.7,1.7,68.8,75.6,0,3,0,0,67847,81487,65238,61482,60483,63647,71198,77484,.,0.0,0.0,0.9,8.1,7.5,40.3,1.7,29.3,29.2,4.5,8.6,32.5,12.9,0.0,1.5,1.1,5.5,5.0,0.0,6.0,6.0,5.3,5.0,23.6,77.4,8.5,5.1,9.0,91.0,31.2,7.4,40.8,20.1,21.4,10.3,0.0,55.6,22.0,0.0,2.5,1.8,9.4,8.6,0.0,68.5,28.5,2.9,68.9,13.8,12.9,0.0,0.0,1.5,2.9,50.0,50.0,18.8
57840001,57840,RICHLAND COLLEGIATE H S OF MATH SCIENCE ENGINEERIN,RICHLAND COLLEGIATE HIGH SCHOOL,0.0,0.0,1.0,0.0,0.0,0.0,0.0,0.0,0.0,0.0,0.0,0.0,0.0,0.0,1.0,1.0,0,0,0,0,.,1,.,.,.,.,.,.,.,0.0,0.0,0.0,0.0,0.0,0.0,0.0,0.0,0.0,0.0,0.0,0.0,0.0,0.0,0.0,0.0,0.0,0.0,7.0,2.0,2.0,0.0,0.0,1.0,0.0,0.0,100.0,0.0,100.0,100.0,0.0,0.0,0.0,0.0,0.0,0.0,0.0,0.0,0.0,0.0,0.0,0.0,0.0,0.0,0.0,0.0,0.0,0.0,0.0,0.0,0.0,0.0,0.0,0.0,0.0,0.0,.
57848003,57848,ILTEXAS GARLAND H S,INTERNATIONAL LEADERSHIP OF TEXAS (ILTEXAS),48.1,5.0,3.2,7.6,6.8,21.6,11.6,5.6,2.0,0.6,0.0,26.2,16.9,5.0,56.3,63.9,0,2,2,0,66845,93760,58572,54559,58443,57585,62191,60450,89499,0.0,0.0,9.6,7.0,14.7,15.8,1.0,23.6,24.5,3.1,6.6,37.3,8.6,0.2,0.0,0.0,2.0,0.0,0.0,6.0,6.0,11.0,5.3,39.6,75.3,7.9,4.9,11.9,88.1,62.0,14.1,44.9,24.1,11.6,4.2,1.2,77.5,17.9,0.4,0.0,0.0,4.1,0.0,0.0,54.5,35.1,10.4,32.8,14.5,30.6,0.0,0.0,20.0,2.1,49.1,50.9,12.5
57848006,57848,ILTEXAS ARLINGTON-GRAND PRAIRIE H S,INTERNATIONAL LEADERSHIP OF TEXAS (ILTEXAS),52.0,4.0,2.4,3.0,6.7,25.4,14.9,5.0,0.0,0.0,1.0,35.1,15.9,0.0,58.4,61.4,0,2,0,1,65273,101744,57168,60115,55193,57992,60800,.,.,0.0,0.0,10.9,16.0,13.1,11.0,1.0,20.8,31.2,3.2,4.9,41.8,10.3,0.0,0.0,0.0,0.0,0.0,0.0,8.0,8.0,2.5,2.5,44.4,84.7,6.5,4.0,4.8,95.2,72.3,12.9,48.9,28.6,9.6,0.0,0.0,80.3,19.7,0.0,0.0,0.0,0.0,0.0,1.9,67.4,30.6,0.0,21.2,30.8,25.1,0.0,0.0,21.0,1.9,39.9,60.1,14.6
57848009,57848,ILTEXAS KELLER SAGINAW H S,INTERNATIONAL LEADERSHIP OF TEXAS (ILTEXAS),55.9,4.1,3.0,5.8,7.4,24.3,16.3,5.0,2.9,0.0,2.0,31.5,21.4,1.0,63.0,68.8,0,2,1,1,64881,94627,57232,53718,57327,57554,59397,59842,.,0.0,0.0,12.0,8.4,11.0,24.6,0.0,19.1,36.8,2.9,5.8,43.1,12.0,0.0,0.0,0.0,0.8,0.0,0.0,1.0,1.0,2.0,2.0,38.5,81.3,6.0,4.4,8.4,91.6,56.0,13.2,43.5,29.2,8.9,5.2,0.0,77.0,21.5,0.0,0.0,0.0,1.5,0.0,3.6,56.3,38.3,1.8,43.9,15.0,19.7,0.0,0.0,21.4,0.0,34.1,65.9,14.5
57848018,57848,ILTEXAS KATY WESTPARK H S,INTERNATIONAL LEADERSHIP OF TEXAS (ILTEXAS),57.0,5.7,3.1,8.6,7.9,29.4,11.8,5.9,1.0,1.0,0.0,37.6,18.4,1.0,65.8,74.4,0,2,0,1,67134,98923,60381,54792,62047,58593,61334,67500,64000,0.0,0.0,14.7,23.4,17.4,1.5,0.0,23.1,33.9,2.5,5.2,45.7,10.5,0.0,0.0,0.0,0.8,0.0,0.0,3.0,3.0,5.5,5.5,70.9,76.6,7.6,4.2,11.6,88.4,95.4,13.9,51.5,20.7,10.3,1.8,1.8,80.2,18.5,0.0,0.0,0.0,1.4,0.0,0.0,66.0,32.3,1.8,2.6,41.1,30.5,0.0,0.0,25.8,0.0,40.5,59.5,15
57848032,57848,ILTEXAS LANCASTER DESOTO H S,INTERNATIONAL LEADERSHIP OF TEXAS (ILTEXAS),22.5,2.0,2.2,1.0,4.9,10.2,4.3,2.0,1.0,0.0,0.0,14.3,5.8,2.3,26.7,27.7,0,1,0,1,66752,97597,58747,52919,59867,58943,65267,62300,.,0.0,0.0,4.7,12.7,4.0,1.0,0.0,9.2,13.2,2.1,5.4,17.3,3.2,0.0,0.0,0.0,2.0,0.0,0.0,5.0,5.0,3.0,3.0,26.7,81.1,7.2,8.0,3.6,96.4,96.4,21.9,45.5,19.4,8.8,4.5,0.0,77.2,14.1,0.0,0.0,0.0,8.8,0.0,0.0,63.8,25.8,10.4,4.5,56.6,17.8,0.0,0.0,21.1,0.0,41.0,59.0,7.4
57848033,57848,ILTEXAS HOUSTON WINDMILL LAKES OREM H S,INTERNATIONAL LEADERSHIP OF TEXAS (ILTEXAS),48.9,4.0,2.6,7.2,9.6,29.8,5.4,4.0,0.0,0.0,0.0,33.4,15.4,0.0,55.4,62.6,0,2,0,1,64933,100959,57708,57538,56662,61833,60285,.,.,0.0,0.0,7.0,26.4,12.5,3.0,0.0,18.7,30.1,2.0,3.4,38.4,8.1,0.5,0.0,0.0,1.9,0.0,0.0,5.0,5.0,3.0,2.0,57.6,78.1,6.4,4.1,11.5,88.5,92.0,19.7,60.9,11.1,8.2,0.0,0.0,78.6,16.5,1.0,0.0,0.0,3.9,0.0,0.0,68.4,31.6,0.0,6.1,53.9,25.6,0.0,0.0,14.3,0.0,38.3,61.7,14.9
57848034,57848,ILTEXAS AGGIELAND H S,INTERNATIONAL LEADERSHIP OF TEXAS (ILTEXAS),24.8,3.0,1.9,5.5,4.7,13.0,7.1,0.0,0.0,0.0,0.0,17.8,6.0,1.0,29.7,35.3,0,1,0,1,58126,101235,55746,53053,55892,57276,.,.,.,0.0,0.0,2.0,3.0,5.0,13.8,1.0,7.7,17.1,2.1,3.6,18.4,5.2,0.0,0.0,0.0,1.3,0.0,0.0,3.0,3.0,3.0,3.0,11.5,70.4,8.5,5.4,15.7,84.3,32.7,19.1,52.3,28.6,0.0,0.0,0.0,74.1,20.8,0.0,0.0,0.0,5.1,0.0,0.0,71.8,24.1,4.0,55.7,12.1,20.1,0.0,0.0,8.0,4.0,31.2,68.8,9.9
57903001,57903,TURNER H S,CARROLLTON-FARMERS BRANCH ISD,143.9,8.8,7.0,13.0,16.3,53.6,25.0,32.8,11.2,5.0,8.9,83.2,51.7,0.0,159.7,172.7,1,4,0,2,76640,100665,65756,59249,63026,64803,68687,73897,83497,1.0,0.0,7.9,12.0,33.7,88.3,1.0,60.5,83.4,5.5,9.3,87.4,22.9,1.9,0.0,1.1,16.0,14.5,0.0,5.0,5.0,6.8,6.8,68.8,83.3,5.1,4.1,7.5,92.5,39.9,11.3,37.2,17.3,22.8,7.8,3.5,60.7,15.9,1.4,0.0,0.8,11.2,10.1,6.2,57.8,36.0,0.0,61.3,8.3,23.4,0.0,0.7,5.5,0.7,42.0,58.0,14
57903002,57903,SMITH H S,CARROLLTON-FARMERS BRANCH ISD,141.0,9.0,6.8,10.6,17.7,46.0,22.0,43.3,10.0,2.0,2.0,87.0,46.0,6.0,156.8,167.4,0,5,0,2,74364,97281,63952,54234,60021,64564,68551,75517,76528,0.0,0.0,13.0,25.8,22.0,74.2,6.0,75.0,66.0,4.7,8.7,85.9,21.8,4.0,0.0,0.7,13.9,14.8,0.0,12.0,12.0,5.8,5.8,72.5,84.2,5.3,4.1,6.3,93.7,43.3,12.6,32.6,15.6,30.7,7.1,1.4,60.9,15.4,2.8,0.0,0.5,9.8,10.5,1.4,61.7,32.7,4.2,52.6,18.3,15.6,0.0,0.0,9.2,4.3,53.2,46.8,13.7
57903006,57903,CREEKVIEW H S,CARROLLTON-FARMERS BRANCH ISD,120.9,10.0,7.0,14.7,5.0,33.9,29.0,30.0,16.0,7.0,3.0,69.9,43.0,5.0,137.9,152.6,0,5,0,2,77857,101663,67290,55957,62129,63504,69004,77235,85989,0.0,0.0,10.0,13.0,25.0,70.9,2.0,59.9,61.0,7.3,11.7,77.1,14.9,1.4,0.0,0.9,12.4,14.2,0.0,4.0,4.0,8.2,8.2,62.0,79.2,6.6,4.6,9.6,90.4,40.6,4.1,28.0,24.0,24.8,13.2,5.8,63.8,12.3,1.2,0.0,0.7,10.3,11.7,2.5,57.8,35.6,4.1,58.6,10.8,20.7,0.0,0.0,8.3,1.7,49.5,50.5,13.9
57903007,57903,RANCHVIEW H S,CARROLLTON-FARMERS BRANCH ISD,75.5,5.4,5.0,10.0,9.7,23.8,14.9,16.1,10.0,1.0,1.7,42.3,29.4,2.0,85.8,95.8,0,3,0,1,77110,105586,65722,61607,62372,64717,67614,74210,85006,0.0,0.0,2.0,11.4,8.0,49.1,5.0,35.0,40.5,4.3,9.2,50.0,9.6,0.3,0.0,4.0,7.5,4.2,0.0,12.0,12.0,8.7,8.7,36.4,78.8,5.6,5.2,10.4,89.6,37.9,12.8,31.6,19.7,21.3,13.3,1.3,66.3,12.7,0.3,0.0,5.2,9.9,5.5,2.2,56.1,39.0,2.6,65.1,15.1,10.6,0.0,0.0,2.6,6.6,46.4,53.6,12
57903010,57903,EARLY COLLEGE H S,CARROLLTON-FARMERS BRANCH ISD,16.5,1.0,0.5,1.0,0.0,4.0,0.0,7.0,4.0,1.5,1.0,8.0,5.5,2.0,18.0,19.0,0,1,0,0,86766,131731,64839,.,62204,.,54918,73677,93940,0.0,0.0,2.0,3.0,4.0,7.5,0.0,9.5,7.0,9.9,16.9,10.8,0.1,0.0,0.0,0.7,1.0,3.9,0.0,7.0,7.0,0.0,0.0,9.0,87.0,5.3,2.5,5.3,94.7,47.4,0.0,24.2,0.0,42.3,24.2,9.3,65.5,0.8,0.0,0.0,4.0,6.0,23.7,6.0,48.4,33.5,12.1,45.6,18.1,24.2,0.0,0.0,12.1,0.0,57.7,42.3,21.5
57904001,57904,CEDAR HILL H S,CEDAR HILL ISD,141.3,12.4,8.9,13.8,18.3,50.7,29.3,32.6,6.4,4.0,7.0,85.6,45.4,3.3,162.6,176.4,0,7,1,0,75572,88689,62117,54879,59197,62179,66699,72413,77923,0.0,0.0,2.0,93.7,4.7,35.8,5.0,68.8,72.5,4.4,8.2,101.4,20.7,0.0,4.4,0.0,5.3,9.5,0.0,4.7,2.0,4.0,1.8,127.3,80.1,7.0,5.0,7.8,92.2,72.1,12.9,35.9,20.8,23.1,4.5,2.8,71.8,14.6,0.0,3.1,0.0,3.7,6.7,5.0,60.6,32.2,2.3,25.4,66.4,3.3,0.0,0.0,1.4,3.5,48.7,51.3,14.7
57904003,57904,CEDAR HILL COLLEGIATE H S,CEDAR HILL ISD,14.6,1.0,3.3,0.0,2.4,6.0,1.4,3.3,0.9,0.5,0.0,9.3,5.3,0.0,18.9,18.9,0,1,0,0,80010,87208,62218,53136,61243,63247,67025,70040,68934,0.0,0.0,0.0,7.1,1.9,5.6,0.0,9.5,5.1,3.5,7.5,4.7,1.5,0.0,0.0,0.0,0.0,8.3,0.0,0.0,0.0,8.3,7.0,12.6,77.1,5.3,17.6,0.0,100.0,66.5,16.7,41.3,9.5,22.6,6.4,3.5,32.4,10.6,0.0,0.0,0.0,0.0,57.0,0.0,63.9,36.1,0.0,38.5,48.7,12.9,0.0,0.0,0.0,0.0,65.0,35.0,20
57905001,57905,BRYAN ADAMS H S LEADERSHIP ACADEMY,DALLAS ISD,143.8,13.9,7.6,13.9,10.0,59.3,39.5,21.7,11.2,2.0,5.2,109.4,27.1,2.0,165.2,179.1,0,6,0,1,74521,94631,68674,61000,65600,71258,72923,73541,73663,2.0,0.0,7.2,32.1,47.0,53.4,2.0,70.6,73.2,6.6,8.3,72.6,15.1,12.6,0.0,5.3,15.6,22.5,0.0,1.0,1.0,4.7,4.7,117.7,80.3,7.8,4.2,7.7,92.3,65.7,7.0,41.3,27.5,15.1,7.8,1.4,50.5,10.5,8.8,0.0,3.7,10.9,15.6,3.6,76.1,18.9,1.4,37.1,22.3,32.7,0.0,1.4,5.0,1.4,49.1,50.9,15.6
57905002,57905,W H ADAMSON H S,DALLAS ISD,98.6,9.0,5.2,8.9,7.0,39.7,24.6,20.8,6.5,0.0,8.5,71.9,17.2,1.0,112.8,121.7,0,4,0,0,77640,98433,67571,61000,63920,68934,74071,71034,.,2.0,0.0,2.0,29.5,35.7,25.4,4.1,54.3,44.3,6.2,8.3,46.4,12.8,12.3,0.0,1.8,10.6,14.7,0.0,7.0,7.0,4.5,4.5,87.2,81.0,7.4,4.3,7.3,92.7,71.7,7.1,40.3,25.0,21.1,6.6,0.0,47.0,13.0,12.5,0.0,1.8,10.8,14.9,8.6,72.9,17.4,1.0,25.8,29.9,36.2,0.0,2.0,2.0,4.1,55.1,44.9,14.2
57905003,57905,NEW TECH H S AT B F DARRELL H S,DALLAS ISD,25.1,2.9,2.0,2.0,6.0,10.0,5.0,3.1,1.0,0.0,0.0,18.0,6.1,1.0,30.0,32.0,0,1,0,0,82071,116500,66786,61000,63885,71453,74613,82556,.,0.0,0.0,1.0,8.0,6.1,9.0,1.0,12.0,13.1,4.4,5.5,11.6,4.1,0.5,0.0,0.4,2.5,6.1,0.0,3.0,3.0,10.0,3.0,22.0,78.6,8.9,6.3,6.2,93.8,68.7,23.9,39.8,19.9,12.5,4.0,0.0,46.2,16.4,1.8,0.0,1.7,9.8,24.1,0.0,71.6,24.4,4.0,35.8,31.8,24.4,0.0,0.0,4.0,4.0,47.7,52.3,17
57905005,57905,MOISES E MOLINA H S,DALLAS ISD,137.4,16.0,8.0,20.3,12.0,52.9,34.4,19.3,15.9,3.0,4.2,101.7,27.4,4.1,161.4,181.8,0,8,0,1,76207,100562,67518,61814,64441,69041,70986,72514,78292,1.0,1.0,7.0,49.1,47.6,31.5,0.3,56.7,80.8,7.3,9.1,70.9,14.5,9.6,0.0,3.7,22.6,16.2,0.0,2.0,2.0,7.0,6.8,144.0,75.6,8.8,4.4,11.2,88.8,79.2,8.7,38.5,25.0,14.0,11.6,2.2,51.6,10.5,7.0,0.0,2.7,16.5,11.8,3.1,74.0,20.0,3.0,22.9,35.7,34.6,0.7,0.7,5.1,0.2,41.2,58.8,14.7
57905006,57905,HILLCREST H S,DALLAS ISD,105.8,11.0,5.6,11.9,9.0,34.7,25.5,27.9,6.4,2.2,2.4,77.4,24.1,2.0,122.4,134.3,0,5,0,1,75171,101876,67810,55889,65679,70549,71170,68824,72726,0.0,0.0,7.0,31.8,24.9,40.1,2.0,52.2,53.6,5.9,9.2,52.6,14.8,9.1,0.0,2.1,8.4,18.8,0.0,2.0,2.0,5.3,4.8,87.2,78.8,8.2,4.2,8.8,91.2,64.9,8.5,32.8,24.1,26.4,6.1,2.1,49.7,14.0,8.6,0.0,2.0,8.0,17.7,2.2,73.1,22.8,1.9,37.9,30.1,23.5,0.0,0.0,6.6,1.9,49.4,50.6,15.1
57905007,57905,THOMAS JEFFERSON H S,DALLAS ISD,103.7,16.0,5.6,18.4,7.0,36.9,27.3,16.3,10.9,5.3,1.7,73.5,25.5,3.0,125.2,143.6,0,7,0,0,76946,99018,70127,61000,65300,72976,75466,76081,72440,1.0,0.0,6.0,16.9,28.1,49.7,2.0,52.0,51.7,7.2,9.9,55.4,9.0,14.2,0.0,3.0,8.4,13.6,0.0,3.0,3.0,5.6,4.2,84.9,72.2,11.1,3.9,12.8,87.2,59.1,6.7,35.6,26.3,15.7,10.5,5.1,53.5,8.7,13.7,0.0,2.9,8.1,13.1,1.7,70.8,24.6,2.9,48.0,16.3,27.1,0.0,1.0,5.8,1.9,50.1,49.9,14.3
57905008,57905,JUSTIN F KIMBALL H S,DALLAS ISD,83.8,8.6,7.0,9.9,8.0,29.0,16.9,12.4,10.5,7.0,5.5,57.3,19.0,2.1,99.4,109.3,0,4,0,1,80537,101156,67300,61000,63687,68240,72163,70661,73512,1.0,0.0,1.0,62.8,12.8,6.0,0.2,45.7,38.1,8.5,11.1,41.0,9.2,9.1,0.0,1.2,11.5,11.8,0.0,7.0,7.0,11.2,10.6,100.5,76.6,7.9,6.4,9.0,91.0,92.0,9.5,34.6,20.1,14.8,12.6,8.4,48.9,11.0,10.9,0.0,1.4,13.7,14.1,6.5,68.3,22.7,2.5,7.1,74.9,15.3,0.0,1.2,1.2,0.2,54.5,45.5,15
57905009,57905,LINCOLN HUMANITIES/COMMUNICATIONS MAGNET HIGH SCH,DALLAS ISD,48.0,10.8,4.6,9.9,2.0,17.3,8.2,8.8,8.7,3.0,0.1,34.7,13.1,0.1,63.3,73.2,0,4,0,0,77072,98587,69294,61000,64468,68968,69740,79066,73989,0.0,0.0,0.3,37.1,4.3,6.4,0.0,25.5,22.5,11.1,12.4,27.7,6.8,1.6,0.0,0.4,5.7,6.0,0.0,2.0,2.0,11.0,11.0,66.8,65.6,14.7,6.2,13.5,86.5,91.3,4.2,36.1,17.1,18.3,18.1,6.2,57.7,14.1,3.3,0.0,0.8,11.8,12.4,0.2,72.2,27.3,0.2,13.3,77.2,8.9,0.0,0.0,0.5,0.0,53.1,46.9,13.7
57905012,57905,DR L G PINKSTON SR H S,DALLAS ISD,74.7,10.0,5.1,10.9,13.0,31.4,13.1,11.3,4.8,1.1,2.9,50.7,18.0,3.2,89.8,100.7,0,4,0,1,74817,94090,67301,61614,65985,68567,73932,70366,75434,0.0,1.0,2.0,44.5,13.9,12.2,1.1,42.1,32.6,6.3,8.6,40.5,5.3,3.8,0.0,2.3,11.4,11.5,0.0,4.0,4.0,3.5,3.5,85.4,74.2,9.9,5.1,10.8,89.2,84.8,17.4,42.0,17.6,15.1,6.4,1.5,54.1,7.1,5.0,0.0,3.1,15.2,15.4,3.9,67.8,24.1,4.2,16.3,59.5,18.7,1.3,0.0,2.7,1.5,56.4,43.6,16.4
57905013,57905,FRANKLIN D ROOSEVELT H S OF INNOVATION,DALLAS ISD,57.0,11.7,6.0,9.9,15.0,14.0,9.2,16.3,1.4,1.0,3.8,40.1,12.1,1.0,74.7,84.6,0,3,0,0,78663,101758,65958,61167,62223,67599,71948,68244,74135,0.0,0.0,5.0,40.6,6.3,4.8,0.2,20.1,36.8,6.5,9.0,31.3,5.8,4.6,0.0,1.0,9.2,5.1,0.0,5.0,1.0,6.0,6.0,78.8,67.4,13.9,7.1,11.7,88.3,93.2,26.3,24.6,16.2,28.7,2.4,1.8,55.0,10.1,8.1,0.0,1.8,16.2,8.9,6.6,70.4,21.2,1.8,8.4,71.3,11.1,0.0,0.0,8.8,0.4,35.3,64.7,11.9
57905014,57905,W W SAMUELL H S,DALLAS ISD,125.7,13.0,7.0,22.8,11.0,45.3,34.4,21.8,10.3,3.0,5.3,85.7,30.7,4.0,145.7,168.4,0,7,0,0,77685,93571,68062,61000,63293,69981,75550,71081,79268,1.0,0.0,6.3,57.9,23.3,35.2,2.0,62.8,62.9,7.2,9.3,61.2,13.7,13.7,0.0,2.6,16.3,18.1,0.0,2.0,2.0,5.6,4.6,126.2,74.6,7.7,4.2,13.5,86.5,74.9,8.8,36.0,27.3,17.3,8.2,2.4,48.7,10.9,10.9,0.0,2.1,13.0,14.4,4.2,68.2,24.4,3.2,28.0,46.1,18.5,0.0,0.8,5.0,1.6,49.9,50.1,14.9
57905015,57905,SEAGOVILLE H S,DALLAS ISD,121.4,11.9,8.0,20.8,11.0,39.2,30.4,26.5,10.4,4.0,4.0,78.4,34.0,5.1,141.3,162.1,0,7,0,1,78635,96837,67632,61498,64223,70229,69172,73028,73987,0.0,1.0,5.0,59.9,23.2,28.0,4.3,58.6,62.9,7.1,9.6,60.8,10.9,17.0,0.0,1.7,15.7,15.4,0.0,5.0,5.0,5.7,4.7,124.8,74.9,7.3,4.9,12.8,87.2,77.0,9.0,32.3,25.0,21.8,8.6,3.3,50.1,9.0,14.0,0.0,1.4,12.9,12.7,3.3,64.6,28.0,4.2,23.1,49.3,19.1,0.8,0.0,4.1,3.5,48.2,51.8,15
57905016,57905,SOUTH OAK CLIFF H S,DALLAS ISD,104.2,11.7,6.3,11.9,12.0,30.5,31.1,20.3,6.6,3.7,5.8,72.7,23.4,2.4,122.2,134.1,0,5,0,0,76296,97653,67341,53376,63861,68410,72637,78382,83500,0.0,1.0,2.2,78.3,11.9,10.5,0.3,53.8,50.4,7.3,9.3,65.1,8.7,4.6,0.0,2.8,5.5,17.5,0.0,14.0,14.0,6.4,6.4,122.2,77.7,8.7,4.7,8.9,91.1,91.2,11.5,29.2,29.8,19.5,6.3,3.6,62.5,8.4,4.4,0.0,2.7,5.3,16.8,5.5,69.8,22.5,2.3,10.1,75.1,11.4,1.0,0.0,2.1,0.3,51.6,48.4,14.8
57905017,57905,H GRADY SPRUCE H S,DALLAS ISD,101.7,12.1,8.0,17.8,8.0,35.2,31.4,13.6,13.4,0.0,4.2,66.8,26.7,4.0,121.8,139.6,0,5,0,1,73862,100791,68001,55250,63570,71664,73040,73553,.,0.0,0.0,5.3,59.2,14.4,21.9,1.0,50.7,50.9,7.1,9.1,52.5,13.0,12.5,0.0,2.6,10.5,10.6,0.0,10.0,10.0,3.7,3.7,110.6,72.8,8.7,5.7,12.8,87.2,79.2,7.9,34.6,30.9,13.4,13.1,0.0,51.6,12.8,12.3,0.0,2.5,10.4,10.4,4.2,65.7,26.2,3.9,21.5,58.2,14.1,0.0,0.0,5.2,1.0,49.9,50.1,14.3
57905018,57905,SUNSET H S,DALLAS ISD,132.3,15.0,9.1,10.9,14.0,46.9,34.6,24.1,8.6,4.0,0.4,101.3,29.5,1.1,156.4,167.3,0,8,0,1,76682,97471,68412,61429,64838,70943,73858,71495,73355,2.0,0.0,14.0,38.7,47.0,28.3,2.3,68.8,63.6,6.8,9.0,64.9,13.0,11.0,0.0,3.8,14.4,25.2,0.0,6.0,6.0,3.9,3.9,131.7,79.1,9.0,5.4,6.5,93.5,78.7,10.6,35.5,26.2,18.2,6.5,3.0,49.1,9.8,8.3,0.0,2.9,10.9,19.1,0.3,76.6,22.3,0.8,21.4,29.3,35.5,0.0,1.5,10.6,1.7,52.0,48.0,16.2
57905021,57905,W T WHITE H S,DALLAS ISD,137.1,13.0,8.2,13.9,14.0,55.3,26.4,27.4,10.3,3.7,0.5,100.3,35.4,1.0,158.3,172.2,0,7,0,0,78082,95843,66001,57715,63953,69369,70476,70467,58253,0.0,0.0,4.0,47.9,27.5,53.7,4.0,66.2,70.9,6.7,8.7,74.4,16.1,10.1,0.0,3.3,15.6,17.7,0.0,6.0,6.0,6.4,6.4,101.4,79.6,7.6,4.8,8.0,92.0,58.9,10.2,40.3,19.3,20.0,7.5,2.7,54.2,11.7,7.3,0.0,2.4,11.4,12.9,0.4,73.1,25.8,0.7,39.2,34.9,20.1,0.0,0.0,2.9,2.9,48.3,51.7,15.1
57905022,57905,WOODROW WILSON H S,DALLAS ISD,118.6,10.0,8.0,15.8,10.0,40.2,35.6,24.8,4.0,4.0,4.2,80.4,34.0,0.0,136.7,152.5,0,4,0,1,77574,101262,68469,57420,66526,69983,73012,68992,73474,1.0,0.0,6.0,21.8,28.5,60.3,1.0,62.7,56.0,6.1,8.8,68.2,8.0,4.5,0.0,4.6,18.1,15.2,0.0,9.0,9.0,6.7,6.7,84.2,77.8,6.6,5.2,10.4,89.6,55.2,8.4,33.9,30.0,20.9,3.4,3.4,57.5,6.8,3.8,0.0,3.9,15.2,12.8,3.6,67.7,28.7,0.0,50.8,18.4,24.1,0.0,0.8,5.1,0.8,52.8,47.2,15.1
57905023,57905,DAVID W CARTER H S,DALLAS ISD,73.2,10.8,6.0,18.8,7.0,21.7,13.8,17.3,10.5,3.0,3.3,48.5,19.2,2.2,90.0,108.8,0,5,0,1,80206,99075,68163,61000,63308,72541,69299,73159,75874,0.0,0.0,2.0,62.2,3.0,5.8,0.2,32.6,40.7,8.6,11.2,35.7,7.6,3.8,0.0,2.5,15.1,8.5,0.0,14.0,14.0,7.0,7.0,100.8,67.3,9.9,5.5,17.3,82.7,92.7,9.6,29.6,18.8,23.6,14.3,4.1,48.8,10.4,5.2,0.0,3.4,20.6,11.6,4.5,66.3,26.2,3.1,7.9,84.9,4.2,0.0,0.0,2.7,0.3,44.5,55.5,14.4
57905024,57905,NORTH DALLAS H S,DALLAS ISD,83.4,10.0,5.6,13.9,6.0,39.0,18.5,16.4,2.4,1.1,2.4,59.0,21.0,1.0,99.0,112.8,0,4,0,0,76352,104077,67937,57131,64650,72994,71136,82293,78620,0.0,0.0,5.0,30.9,25.8,20.8,1.0,42.6,40.8,5.5,7.5,49.1,9.6,6.1,0.0,3.8,7.8,7.0,0.0,6.0,6.0,7.3,7.3,83.1,73.9,8.9,5.0,12.3,87.7,73.7,7.2,46.7,22.2,19.7,2.9,1.4,58.9,11.5,7.3,0.0,4.6,9.4,8.3,2.9,70.8,25.2,1.2,24.9,37.0,30.9,0.0,0.0,6.0,1.2,51.1,48.9,15.3
57905025,57905,SKYLINE H S,DALLAS ISD,248.8,18.5,14.0,25.7,17.0,86.4,45.5,53.3,30.6,16.0,12.0,157.4,68.2,11.2,281.3,307.0,0,9,0,1,77536,96422,69749,61463,65883,71786,72553,74048,76065,2.0,2.0,22.0,98.7,50.9,65.2,8.0,121.2,127.6,9.0,11.3,116.4,52.5,14.8,0.0,4.4,25.9,34.8,0.0,5.0,2.0,4.8,4.7,227.8,81.0,6.0,4.6,8.4,91.6,74.2,6.8,34.7,18.3,21.4,12.3,6.4,46.8,21.1,5.9,0.0,1.8,10.4,14.0,4.8,63.3,27.4,4.5,26.2,39.7,20.4,0.8,0.8,8.8,3.2,48.7,51.3,15.2
57905028,57905,EMMETT J CONRAD H S,DALLAS ISD,90.7,10.7,5.0,11.9,6.0,30.1,23.6,20.5,10.4,0.1,5.0,66.5,18.2,1.0,106.4,118.3,0,5,0,0,75724,107502,70790,61000,65280,73081,76188,76436,77250,0.0,0.0,10.0,27.0,14.6,35.9,3.2,41.0,49.7,7.3,9.9,42.9,11.7,9.2,0.0,1.1,10.8,14.9,0.0,3.0,3.0,5.0,5.0,71.5,76.7,9.1,4.2,10.0,90.0,60.4,6.6,33.2,26.0,22.6,11.5,0.2,47.3,12.9,10.1,0.0,1.3,11.9,16.5,5.5,73.3,20.1,1.1,39.6,29.8,16.1,0.0,0.0,11.0,3.5,45.2,54.8,14.1
57905029,57905,BARBARA M MANNS H S DAEP,DALLAS ISD,17.9,4.0,5.0,2.0,1.0,1.0,1.0,1.0,7.0,6.9,1.0,7.0,9.9,0.0,26.9,28.9,0,2,0,0,80076,103654,73077,61000,61500,72045,93180,72628,74193,0.0,0.0,1.0,10.9,3.0,3.0,0.0,9.9,8.0,18.4,24.8,12.5,1.0,2.6,0.0,0.0,1.8,0.0,0.0,12.0,12.0,15.8,14.8,25.9,62.0,13.8,17.3,6.8,93.2,89.6,5.6,5.6,5.6,5.6,39.1,38.6,69.9,5.6,14.3,0.0,0.0,10.3,0.0,5.6,39.1,55.4,0.0,16.7,60.9,16.7,0.0,0.0,5.6,0.0,55.4,44.6,13.2
57905032,57905,JAMES MADISON H S,DALLAS ISD,37.7,6.7,3.5,1.0,0.0,8.1,14.2,6.4,7.5,1.5,2.0,18.4,16.2,1.1,47.9,48.9,0,2,0,0,75059,110985,69875,.,68133,67515,68702,76463,73613,0.0,0.0,1.1,29.2,2.2,4.1,1.0,21.7,16.0,9.8,12.4,17.5,4.9,3.8,0.0,0.8,4.8,5.8,0.0,20.0,20.0,11.0,11.0,43.8,77.1,13.8,7.1,2.0,98.0,89.5,0.0,21.6,37.6,16.8,19.9,4.0,46.5,13.0,10.0,0.0,2.2,12.8,15.5,5.3,48.7,43.0,3.0,11.0,77.5,5.9,0.0,0.0,2.9,2.7,57.5,42.5,10.3
57905037,57905,ROSIE SORRELLS EDUCATION AND SOCIAL SERVICES H S,DALLAS ISD,17.1,0.9,1.0,0.0,1.0,9.0,2.1,3.0,2.0,0.0,0.0,12.0,3.1,2.0,19.0,19.0,0,1,0,0,75109,132000,67691,61000,62711,72338,74193,78810,.,0.0,0.0,1.0,4.0,6.0,5.1,1.0,6.0,11.1,6.2,7.7,4.1,2.5,0.0,0.0,0.2,0.0,10.3,0.0,10.0,10.0,0.0,0.0,12.0,90.0,4.7,5.3,0.0,100.0,63.2,5.8,52.6,12.3,17.5,11.7,0.0,23.9,14.5,0.0,0.0,1.3,0.0,60.3,0.0,70.2,18.1,11.7,29.8,23.4,35.1,0.0,0.0,5.8,5.8,35.1,64.9,10
57905090,57905,DR WRIGHT L LASSITER JR EARLY COLLEGE H S,DALLAS ISD,14.0,4.0,2.0,1.0,0.0,1.0,4.0,4.0,4.0,1.0,0.0,8.0,6.0,0.0,20.0,21.0,0,2,0,0,79404,110000,77995,.,75094,73315,81878,79313,78810,0.0,0.0,0.0,5.0,3.0,5.0,1.0,4.0,10.0,14.6,16.5,4.9,0.7,0.0,0.0,3.0,0.0,5.3,0.0,2.0,2.0,9.0,9.0,11.0,66.7,19.1,9.5,4.7,95.3,52.4,0.0,7.1,28.6,28.6,28.6,7.1,35.2,5.1,0.0,0.0,21.6,0.0,38.1,0.0,57.1,42.9,0.0,35.7,35.7,21.4,0.0,0.0,0.0,7.1,28.6,71.4,20.5
57905307,57905,H S THOMPSON LEARNING CENTER,DALLAS ISD,37.0,4.0,4.0,6.5,8.0,12.0,8.0,8.0,1.0,0.0,3.0,26.0,7.0,1.0,45.0,51.5,0,2,0,1,74212,91602,66534,61000,64048,69124,70950,84607,.,0.0,0.0,1.0,26.0,9.0,1.0,0.0,11.0,26.0,3.9,5.9,35.0,0.0,0.0,0.0,0.0,2.0,0.0,0.0,6.0,6.0,7.5,7.5,50.5,71.9,7.7,7.8,12.6,87.4,98.1,21.6,32.4,21.6,21.6,2.7,0.0,94.6,0.0,0.0,0.0,0.0,5.4,0.0,8.1,70.3,18.9,2.7,2.7,70.3,24.3,0.0,0.0,2.7,0.0,29.7,70.3,13.1
57905380,57905,WILMER-HUTCHINS H S,DALLAS ISD,63.8,9.8,6.5,7.9,10.0,21.4,12.1,9.3,7.9,3.0,6.0,37.3,20.3,0.2,80.0,87.9,0,5,0,0,78895,94670,67399,63004,64290,67412,70740,74674,74680,0.0,0.0,1.0,47.4,10.2,4.0,1.2,33.0,30.7,8.5,10.1,29.2,9.8,5.9,0.0,1.6,7.8,9.5,0.0,5.0,5.0,7.2,4.2,81.7,72.5,11.1,7.4,9.0,91.0,92.9,15.7,33.6,19.0,14.6,12.4,4.7,45.8,15.4,9.3,0.0,2.5,12.2,14.9,9.4,58.5,31.8,0.3,6.3,74.3,16.0,0.0,0.0,1.6,1.9,51.8,48.2,14.9
57905383,57905,CITYLAB H S,DALLAS ISD,16.6,2.8,2.0,2.0,1.0,7.8,4.6,1.7,1.5,0.0,0.0,14.4,2.2,0.0,21.4,23.3,0,1,1,0,76195,95662,67221,61000,64422,71231,69146,71406,.,0.0,0.0,1.0,3.0,4.7,7.8,0.0,10.5,6.1,7.3,9.0,4.2,3.6,0.0,0.0,2.1,1.0,5.8,0.0,0.0,0.0,11.5,5.5,15.5,71.0,11.9,8.6,8.5,91.5,66.4,6.0,46.9,27.8,10.2,9.1,0.0,25.1,21.6,0.0,0.0,12.4,6.0,34.9,0.0,86.6,13.4,0.0,47.3,18.1,28.6,0.0,0.0,6.0,0.0,63.5,36.5,11.5
57905387,57905,NORTH LAKE EARLY COLLEGE H S,DALLAS ISD,16.0,2.0,2.0,1.0,0.0,7.0,3.0,4.0,2.0,0.0,0.0,8.0,7.0,1.0,20.0,21.0,0,2,0,0,82931,99000,72953,.,68239,78545,77484,72000,.,0.0,0.0,3.0,2.0,4.0,7.0,0.0,6.0,10.0,5.1,9.8,2.1,1.0,0.0,0.0,3.7,1.0,8.2,0.0,2.0,2.0,1.0,1.0,12.0,76.2,9.5,9.5,4.7,95.3,57.1,0.0,43.7,18.7,25.0,12.5,0.0,13.3,6.2,0.0,0.0,23.1,6.2,51.0,0.0,50.0,43.8,6.2,43.8,12.5,25.0,0.0,0.0,18.7,0.0,37.5,62.5,17.7
57906001,57906,DESOTO H S,DESOTO ISD,126.0,11.7,7.1,21.7,12.1,41.9,19.5,32.6,17.3,2.7,2.2,74.3,45.6,4.0,144.8,166.5,1,7,0,0,67728,94044,61327,40702,57547,62687,65347,72260,84157,1.0,0.0,0.0,103.8,7.9,12.2,1.0,62.4,63.6,5.8,10.3,97.4,6.2,0.0,0.0,0.6,16.7,5.0,0.0,4.0,1.5,7.3,5.9,149.3,75.6,7.0,4.3,13.0,87.0,89.6,9.6,33.2,15.4,25.9,13.7,2.1,77.4,4.9,0.0,0.0,0.5,13.3,3.9,1.7,59.0,36.2,3.2,9.7,82.4,6.3,0.0,0.8,0.0,0.8,49.5,50.5,16.2
57907001,57907,DUNCANVILLE H S,DUNCANVILLE ISD,239.5,31.8,16.1,34.8,39.2,51.7,57.6,57.7,28.3,4.9,21.2,138.4,76.9,3.0,287.4,322.2,0,17,0,2,74572,92817,61975,51669,60036,62043,63374,71632,91483,2.0,12.9,5.0,115.7,33.3,70.7,0.0,123.3,116.2,5.3,10.1,136.4,51.5,1.0,1.5,0.0,21.5,27.6,0.0,3.5,3.5,6.5,3.7,243.8,74.3,9.9,5.0,10.8,89.2,75.7,16.4,21.6,24.1,24.1,11.8,2.1,57.0,21.5,0.4,0.6,0.0,9.0,11.5,8.9,57.8,32.1,1.3,29.5,48.3,13.9,5.4,0.8,2.1,0.0,51.5,48.5,19.2
57907004,57907,MARY E SMITHEY PACE H S,DUNCANVILLE ISD,9.9,1.0,2.0,1.0,0.9,1.0,4.0,1.0,3.0,0.0,2.0,4.9,3.0,0.0,12.9,13.9,0,1,0,0,57196,90278,57023,6533,61600,58896,62600,66433,.,0.0,0.0,0.0,4.9,1.0,4.0,0.0,5.9,4.0,7.9,11.6,6.9,2.0,0.0,0.0,0.0,1.0,0.0,0.0,1.0,1.0,3.0,1.0,9.9,71.2,7.2,14.4,7.2,92.8,71.2,9.2,10.1,40.3,10.1,30.3,0.0,69.4,20.5,0.0,0.0,0.0,10.1,0.0,20.2,49.5,30.3,0.0,40.4,49.5,10.1,0.0,0.0,0.0,0.0,59.6,40.4,8.3
57909002,57909,GARLAND H S,GARLAND ISD,151.1,15.7,6.0,14.4,3.0,34.8,34.3,48.4,26.7,3.9,4.0,85.3,60.9,1.0,172.8,187.3,0,6,0,1,81146,104494,69448,62739,64846,66680,71799,74659,75248,0.0,0.0,6.0,32.8,19.3,89.2,3.8,71.7,79.5,8.8,12.7,99.5,20.7,0.4,2.7,7.5,13.9,6.4,0.0,6.0,4.0,5.8,5.8,77.1,80.7,8.4,3.2,7.7,92.3,41.2,2.0,23.0,22.7,32.0,17.7,2.6,65.9,13.7,0.3,1.8,5.0,9.2,4.2,2.6,56.4,40.3,0.7,59.0,21.7,12.8,0.0,0.0,4.0,2.5,47.4,52.6,16.2
57909003,57909,S GARLAND H S,GARLAND ISD,134.2,15.5,6.8,18.3,10.7,41.0,27.7,40.6,11.2,3.0,6.8,86.2,37.3,3.9,156.5,174.9,0,8,0,1,82215,96396,67965,65139,65086,66546,70358,72962,79490,0.0,1.0,5.0,37.8,25.7,62.6,2.1,57.1,77.1,6.3,10.0,84.1,23.2,2.3,5.7,0.0,13.2,5.5,0.0,5.0,5.0,8.5,6.0,98.4,76.7,8.9,3.9,10.5,89.5,56.3,8.0,30.6,20.6,30.3,8.3,2.2,62.7,17.3,1.7,4.3,0.0,9.9,4.1,5.1,64.2,27.8,2.9,46.7,28.2,19.2,0.7,0.0,3.7,1.5,42.5,57.5,14.7
57909004,57909,N GARLAND H S,GARLAND ISD,165.5,19.0,7.1,11.3,6.7,40.0,38.6,49.2,26.0,5.0,0.6,102.0,55.0,7.9,191.6,202.9,0,9,0,1,83015,102120,69040,67625,64325,66784,71614,73450,77835,0.0,0.0,6.0,39.3,27.6,86.4,6.3,78.5,87.0,7.7,12.2,101.3,26.0,1.6,4.2,0.0,9.1,23.4,0.0,7.0,7.0,8.2,5.8,87.1,81.6,9.4,3.5,5.6,94.4,42.9,4.0,24.2,23.3,29.7,15.7,3.0,61.2,15.7,0.9,2.5,0.0,5.5,14.2,0.4,61.6,33.2,4.8,52.2,23.7,16.7,0.0,0.0,3.6,3.8,47.4,52.6,16.8
57909005,57909,LAKEVIEW CENTENNIAL H S,GARLAND ISD,144.0,20.7,7.5,18.1,7.7,35.1,36.4,46.7,14.5,3.6,0.0,75.8,60.5,7.7,172.1,190.2,1,7,0,1,80377,97542,69012,62792,64512,68330,71621,74152,78521,0.0,2.0,6.0,41.0,13.2,79.8,1.9,63.4,80.6,7.7,11.2,88.5,23.6,0.9,6.5,0.0,9.5,15.0,0.0,12.0,12.0,9.8,9.8,90.4,75.7,10.9,3.9,9.5,90.5,47.5,5.4,24.4,25.3,32.4,10.1,2.5,61.5,16.4,0.6,4.5,0.0,6.6,10.4,0.0,52.6,42.0,5.4,55.4,28.5,9.2,1.4,0.0,4.2,1.3,44.0,56.0,14.8
57909008,57909,NAAMAN FOREST H S,GARLAND ISD,126.6,14.9,7.1,8.9,14.1,24.7,29.5,30.9,22.5,4.8,2.2,73.5,48.9,2.0,148.6,157.5,0,6,0,1,78813,97094,69327,61652,64381,67651,71459,76907,78363,0.0,1.0,6.5,40.5,22.5,54.9,1.3,59.7,66.9,8.1,12.2,79.9,22.1,1.6,2.0,0.0,10.0,11.1,0.0,5.0,5.0,11.0,8.5,83.7,80.4,9.4,4.5,5.7,94.3,53.1,11.2,19.5,23.3,24.4,17.8,3.8,63.1,17.4,1.2,1.6,0.0,7.9,8.8,1.7,58.0,38.7,1.6,43.3,32.0,17.7,0.8,0.0,5.1,1.0,47.1,52.9,16.3
57909009,57909,ROWLETT H S,GARLAND ISD,142.8,15.7,7.9,12.5,10.5,34.7,19.3,54.8,20.5,3.0,0.0,103.6,36.2,3.0,166.3,178.8,0,7,0,1,77465,100933,69525,63406,64234,66955,72105,76249,75503,1.0,0.0,4.4,33.1,14.6,87.6,2.0,62.7,80.1,7.4,12.0,88.8,17.9,0.6,6.0,0.0,9.3,20.2,0.0,7.0,7.0,5.6,5.6,65.6,79.8,8.8,4.4,7.0,93.0,36.7,7.4,24.3,13.5,38.4,14.4,2.1,62.2,12.6,0.4,4.2,0.0,6.5,14.1,0.0,72.6,25.3,2.1,61.4,23.2,10.2,0.0,0.7,3.1,1.4,43.9,56.1,16
57909010,57909,SACHSE H S,GARLAND ISD,165.6,22.4,7.0,18.1,9.4,30.7,42.8,53.8,26.0,2.9,1.0,93.4,68.6,2.6,195.0,213.1,0,8,0,1,80224,102893,68722,61641,64644,66394,70200,74554,89490,1.0,0.0,6.4,28.6,12.4,115.9,1.3,72.0,93.6,8.4,12.2,117.9,26.7,0.4,2.1,0.0,12.3,6.2,0.0,9.0,9.0,4.6,4.6,69.2,77.7,10.5,3.3,8.5,91.5,32.5,5.6,18.6,25.9,32.5,15.7,1.7,71.2,16.1,0.2,1.3,0.0,7.4,3.8,0.6,56.4,41.4,1.6,70.0,17.3,7.5,0.0,0.6,3.9,0.8,43.5,56.5,17.5
57910002,57910,GRAND PRAIRIE H S,GRAND PRAIRIE ISD,182.7,29.1,8.0,15.0,13.4,55.6,44.4,53.0,14.3,2.0,6.5,112.2,63.0,1.0,219.8,234.8,0,6,0,0,77790,98552,65837,54068,63155,65293,69855,72498,77770,1.6,0.0,5.0,47.4,40.1,83.6,5.0,79.2,103.5,6.4,9.6,144.9,18.4,1.5,0.0,0.0,17.9,0.0,0.0,5.0,5.0,8.7,4.9,126.1,77.8,12.4,3.4,6.4,93.6,53.7,7.4,30.5,24.3,29.0,7.8,1.1,79.3,10.1,0.8,0.0,0.0,9.8,0.0,3.6,61.4,34.5,0.5,45.8,25.9,22.0,0.0,0.9,2.7,2.7,43.3,56.7,16
57910003,57910,SOUTH GRAND PRAIRIE H S,GRAND PRAIRIE ISD,204.3,25.0,9.0,33.0,16.8,52.8,40.6,57.7,32.7,3.8,1.0,116.8,81.7,4.8,238.3,271.3,0,7,0,0,75698,95785,66681,57684,62387,64409,69015,75527,78840,1.0,0.0,2.0,50.8,37.6,108.1,4.7,95.4,108.8,7.8,11.2,149.1,14.1,5.4,0.0,9.0,26.7,0.0,0.0,7.0,7.0,6.9,6.0,135.0,75.3,9.2,3.3,12.2,87.8,49.8,8.2,25.8,19.9,28.2,16.0,1.8,73.0,6.9,2.6,0.0,4.4,13.1,0.0,0.5,57.2,40.0,2.3,52.9,24.9,18.4,0.0,0.5,1.0,2.3,46.7,53.3,16.5
57910009,57910,CROSSWINDS ACCELERATED H S,GRAND PRAIRIE ISD,19.0,8.5,3.0,0.0,0.0,2.0,10.0,6.0,1.0,0.0,0.0,10.0,9.0,0.0,30.5,30.5,0,2,0,0,72572,103554,65475,.,62475,63658,68439,71881,.,0.0,0.0,0.0,4.0,5.0,9.0,1.0,5.0,14.0,7.3,10.1,16.0,0.0,0.0,0.0,0.0,3.0,0.0,0.0,2.0,2.0,21.0,15.5,16.2,62.2,27.9,9.8,0.0,100.0,53.0,0.0,10.5,52.7,31.6,5.3,0.0,84.2,0.0,0.0,0.0,0.0,15.8,0.0,0.0,52.6,47.4,0.0,47.4,21.0,26.3,0.0,0.0,0.0,5.3,26.3,73.7,23.2
57910010,57910,JOHN A DUBISKI CAREER H S,GRAND PRAIRIE ISD,83.8,12.2,4.0,1.0,5.7,29.6,16.3,18.7,10.5,3.0,12.9,44.5,24.4,2.0,99.9,100.9,0,2,0,0,74322,100121,66523,57699,63801,65753,68027,74396,77430,0.3,0.0,0.0,19.4,7.7,53.6,2.8,36.2,47.6,7.4,10.6,55.8,27.7,0.0,0.0,0.0,0.3,0.0,0.0,1.0,1.0,4.3,4.3,36.7,83.0,12.1,4.0,1.0,99.0,36.3,6.8,35.4,19.4,22.3,12.5,3.6,66.7,33.0,0.0,0.0,0.0,0.3,0.0,15.4,53.1,29.1,2.4,64.0,23.1,9.2,0.0,0.3,0.0,3.4,43.2,56.8,18.8
57911001,57911,HIGHLAND PARK H S,HIGHLAND PARK ISD,144.2,18.0,6.5,17.9,3.0,18.7,30.4,48.6,32.0,11.6,0.0,42.8,100.4,1.0,168.7,186.7,0,9,0,1,84242,114240,65530,59400,58822,61705,64582,70376,78621,1.0,1.0,2.7,3.9,8.3,126.3,1.0,68.3,76.0,8.2,16.1,97.0,7.8,0.0,0.0,5.5,7.8,26.2,0.0,20.0,16.0,9.8,5.6,33.7,77.3,9.6,3.5,9.6,90.4,18.0,2.1,13.0,21.1,33.7,22.2,8.0,67.3,5.4,0.0,0.0,3.8,5.4,18.2,0.0,29.7,69.6,0.7,87.6,2.7,5.7,0.7,0.7,1.9,0.7,47.3,52.7,15.1
57912002,57912,IRVING H S,IRVING ISD,155.4,11.5,6.1,16.3,13.1,52.3,33.7,42.3,12.0,2.0,6.2,88.8,58.4,1.9,172.9,189.2,1,6,0,0,76798,101360,67816,60285,65133,69623,69219,75093,83731,1.0,0.0,6.9,34.4,43.5,63.1,6.5,72.1,83.3,5.7,9.3,87.0,23.9,6.9,0.0,2.1,12.9,22.7,0.0,2.0,2.0,4.2,3.4,109.8,82.1,6.1,3.2,8.6,91.4,58.0,8.4,33.7,21.7,27.2,7.7,1.3,56.0,15.4,4.4,0.0,1.3,8.3,14.6,4.0,57.2,37.6,1.2,40.6,22.1,28.0,0.0,0.6,4.4,4.2,46.4,53.6,16.3
57912003,57912,MACARTHUR H S,IRVING ISD,154.3,14.3,7.1,14.4,18.7,34.7,29.4,50.0,17.9,3.5,9.0,89.7,52.6,3.0,175.6,190.0,1,7,0,1,73180,96912,66885,55766,63515,66548,68865,74242,96821,2.0,0.0,9.0,35.8,32.5,70.9,4.0,76.7,77.6,5.9,10.3,81.9,27.1,8.3,0.0,1.7,16.0,19.3,0.0,6.0,6.0,4.8,4.0,102.2,81.2,7.5,3.7,7.6,92.4,53.8,12.1,22.5,19.0,32.4,11.6,2.3,53.1,17.6,5.4,0.0,1.1,10.4,12.5,5.8,58.2,34.1,1.9,46.0,23.2,21.1,0.0,1.3,5.8,2.6,49.7,50.3,16.8
57912004,57912,NIMITZ H S,IRVING ISD,160.0,13.9,5.7,13.4,18.8,42.5,40.6,45.2,9.9,3.0,4.6,100.4,53.1,2.0,179.7,193.0,1,8,1,0,72385,104577,66702,53798,64663,68988,68976,76545,78798,0.0,1.0,7.3,34.2,41.9,72.7,2.9,71.8,88.2,6.3,8.7,85.5,27.1,5.3,0.0,2.5,14.9,24.7,0.0,9.0,9.0,4.5,3.8,105.2,82.9,7.2,2.9,6.9,93.1,54.5,11.7,26.6,25.4,28.3,6.2,1.9,53.4,17.0,3.3,0.0,1.6,9.3,15.4,2.9,62.7,33.2,1.2,45.5,21.4,26.2,0.6,0.0,4.6,1.8,44.9,55.1,14.9
57913001,57913,LANCASTER H S,LANCASTER ISD,123.4,13.1,7.9,14.5,25.0,23.2,22.0,26.2,20.1,6.9,3.9,67.1,50.5,2.0,144.4,158.9,1,5,0,2,77754,91803,62418,51674,59101,62017,63079,74384,76607,0.0,0.0,0.0,92.7,6.0,23.0,1.7,56.5,66.9,5.6,11.2,81.1,25.2,0.4,0.0,0.0,14.3,2.6,0.0,3.3,3.3,8.5,2.7,129.2,77.7,8.2,5.0,9.1,90.9,81.3,20.3,18.8,17.8,21.2,16.3,5.6,65.7,20.4,0.3,0.0,0.0,11.6,2.1,3.1,54.4,40.9,1.6,18.6,75.1,4.9,0.0,0.0,0.0,1.4,45.8,54.2,18.7
57914001,57914,MESQUITE H S,MESQUITE ISD,176.8,23.6,8.1,17.0,12.9,44.1,41.4,43.7,27.1,7.6,4.0,90.7,80.2,2.0,208.5,225.5,0,8,1,1,73523,90416,70178,47656,64433,69785,74933,77755,89501,1.0,0.0,2.0,46.0,31.7,90.2,6.0,71.9,105.0,7.4,11.8,107.7,26.8,1.0,16.3,3.6,8.0,13.5,0.0,3.0,3.0,6.4,3.9,104.3,78.4,10.5,3.6,7.5,92.5,46.3,7.3,25.0,23.4,24.7,15.3,4.3,60.9,15.2,0.5,9.2,2.0,4.5,7.6,2.2,51.3,45.4,1.1,51.0,26.0,17.9,0.0,0.6,1.1,3.4,40.6,59.4,13.6
57914002,57914,NORTH MESQUITE H S,MESQUITE ISD,151.0,21.1,7.4,27.8,11.8,29.4,41.6,43.9,21.2,3.0,7.8,63.6,77.6,2.0,179.6,207.4,0,6,0,1,75008,92773,70274,39735,63464,72415,76591,77991,80677,0.0,0.0,4.4,35.8,15.7,94.1,1.0,70.4,80.7,8.6,11.5,96.9,21.2,3.3,3.0,1.5,10.3,14.8,0.0,4.0,4.0,7.5,5.3,84.5,72.8,10.2,3.6,13.4,86.6,40.7,7.8,19.5,27.5,29.1,14.1,2.0,64.2,14.0,2.2,2.0,1.0,6.8,9.8,5.2,42.1,51.3,1.3,62.3,23.7,10.4,0.0,0.0,2.9,0.7,46.6,53.4,13.9
57914003,57914,WEST MESQUITE H S,MESQUITE ISD,147.0,22.2,7.2,8.9,9.9,41.7,33.4,43.2,18.8,0.0,7.0,70.0,67.0,3.0,176.4,185.3,0,7,0,1,74495,87803,70361,56378,64150,68808,76424,80340,.,0.0,0.0,4.7,34.8,15.1,90.4,2.0,63.6,83.4,6.5,10.3,101.6,22.8,0.6,1.4,3.0,5.7,11.8,0.0,4.0,4.0,3.7,3.5,72.0,79.3,12.0,3.9,4.8,95.2,38.9,6.7,28.4,22.7,29.4,12.8,0.0,69.2,15.5,0.4,0.9,2.1,3.9,8.0,4.8,47.6,45.6,2.0,61.5,23.7,10.3,0.0,0.0,3.2,1.4,43.3,56.7,14.2
57914004,57914,POTEET H S,MESQUITE ISD,109.7,14.6,6.1,7.7,8.0,15.9,31.0,37.7,15.1,2.0,4.0,52.5,51.3,1.9,130.4,138.1,0,5,0,1,74438,93655,70882,39511,65727,68074,76117,83094,89491,1.0,0.0,3.0,23.9,15.5,60.6,5.7,43.3,66.4,7.9,12.3,76.3,15.4,1.1,0.6,3.0,5.6,7.7,0.0,7.0,7.0,8.4,5.4,49.4,79.4,10.5,4.4,5.6,94.4,35.8,7.3,14.5,28.2,34.3,13.8,1.8,69.6,14.0,1.0,0.6,2.7,5.1,7.0,3.6,47.9,46.8,1.7,55.2,21.8,14.1,0.0,0.9,2.7,5.2,39.4,60.6,13.9
57914005,57914,HORN H S,MESQUITE ISD,185.4,24.8,9.3,16.8,22.0,61.9,30.5,48.1,18.9,4.0,5.9,109.2,67.3,3.0,219.5,236.4,0,10,1,1,75071,89521,69926,54131,64955,72722,74664,85193,83351,2.0,0.0,6.0,57.0,29.7,83.8,6.9,72.2,113.2,5.7,9.7,125.8,26.6,3.1,3.5,2.7,10.1,13.6,0.0,10.0,3.0,4.5,3.5,123.5,78.4,10.5,4.0,7.1,92.9,52.2,11.9,33.4,16.4,26.0,10.2,2.2,67.8,14.4,1.7,1.9,1.4,5.4,7.4,3.2,58.9,36.3,1.6,45.2,30.7,16.0,0.0,1.1,3.2,3.7,39.0,61.0,15.5
57914006,57914,VROONLAND - VANGUARD H S,MESQUITE ISD,92.2,11.9,5.0,0.0,15.7,27.1,21.0,21.5,7.0,0.0,13.8,41.1,35.4,2.0,109.1,109.1,0,5,1,0,76916,95808,65860,40543,64252,71422,74755,84746,.,1.0,0.0,1.9,7.4,28.6,51.3,2.0,44.1,48.1,5.2,8.1,42.3,32.8,0.0,0.8,2.8,0.3,13.1,0.0,4.0,4.0,9.5,7.5,47.1,84.5,10.9,4.6,0.0,100.0,43.1,17.0,29.4,22.7,23.3,7.6,0.0,45.9,35.6,0.0,0.9,3.1,0.3,14.2,15.0,44.5,38.3,2.2,55.6,8.1,31.0,0.0,1.1,2.1,2.2,47.8,52.2,17.3
57916002,57916,LAKE HIGHLANDS H S,RICHARDSON ISD,208.3,17.3,11.0,17.6,19.6,55.1,47.5,50.2,31.4,4.6,2.5,157.6,47.0,1.2,236.6,254.3,0,8,0,1,72799,94149,65715,59768,61891,63781,68161,73745,75224,0.0,0.0,6.2,28.6,28.4,141.2,4.0,92.7,115.6,6.7,10.6,138.2,30.3,5.6,6.1,3.5,24.7,0.0,1.0,9.0,9.0,5.6,3.9,84.9,81.9,6.8,4.3,6.9,93.1,33.4,9.4,26.4,22.8,24.1,15.1,2.2,66.3,14.5,2.7,2.9,1.7,11.8,0.0,1.2,75.7,22.6,0.6,67.8,13.7,13.6,0.0,0.0,3.0,1.9,44.5,55.5,14
57916003,57916,RICHARDSON H S,RICHARDSON ISD,203.0,17.1,11.0,9.0,13.7,52.6,40.7,64.1,28.8,3.1,2.3,147.9,50.4,2.5,231.2,240.2,0,9,0,1,75553,92536,66522,60084,61977,65155,68578,72800,88934,0.0,0.0,10.2,23.4,19.2,146.3,4.0,87.0,116.1,8.1,11.4,144.4,28.6,4.7,1.5,6.5,16.3,1.1,1.0,5.0,5.0,9.6,8.1,72.8,84.5,7.1,4.6,3.7,96.3,30.3,6.7,25.9,20.1,31.6,14.2,1.5,71.1,14.1,2.3,0.7,3.2,8.0,0.5,1.1,72.8,24.8,1.2,72.0,11.5,9.5,0.0,0.0,5.0,2.0,42.8,57.2,13.6
57916004,57916,PEARCE H S,RICHARDSON ISD,161.2,18.2,9.9,11.9,7.4,41.0,27.4,58.3,23.6,3.6,2.5,110.8,45.8,2.2,189.3,201.2,0,7,0,1,72287,90667,66803,59445,61968,64652,68684,73341,80024,0.0,0.0,4.2,10.5,15.5,127.2,3.8,72.3,88.9,7.4,12.0,112.5,20.3,2.9,1.8,4.9,18.8,0.0,0.0,7.0,7.0,8.0,8.0,44.2,80.1,9.0,4.9,5.9,94.1,22.0,4.6,25.4,17.0,36.1,14.6,2.3,69.8,12.6,1.8,1.1,3.1,11.6,0.0,1.5,68.7,28.4,1.3,78.9,6.5,9.6,0.0,0.0,2.6,2.4,44.8,55.2,15.2
57916005,57916,BERKNER H S,RICHARDSON ISD,178.1,19.4,9.2,16.5,19.8,52.1,27.9,48.8,28.3,1.1,6.2,124.8,45.2,1.9,206.7,223.1,0,8,0,0,67820,90929,66341,59800,61443,65291,69094,75585,81713,1.0,0.0,8.0,43.8,18.2,99.0,8.0,78.7,99.3,7.1,10.6,122.2,26.1,3.0,1.6,3.6,21.7,0.0,3.0,6.0,6.0,8.3,5.3,97.6,79.8,8.7,4.1,7.4,92.6,43.8,11.1,29.2,15.7,27.4,15.9,0.6,68.6,14.6,1.7,0.9,2.0,12.2,0.0,3.5,70.1,25.4,1.1,55.6,24.6,10.2,0.0,0.6,4.5,4.5,44.2,55.8,13
57919001,57919,SUNNYVALE H S,SUNNYVALE ISD,49.6,7.2,3.0,8.0,3.4,9.2,11.9,11.9,11.9,1.4,0.0,26.8,22.2,0.7,59.8,67.7,0,3,0,0,73191,92358,65134,56744,59527,62628,67195,70405,80774,0.0,0.0,4.0,4.0,5.3,35.3,1.0,22.7,26.9,5.5,13.4,30.0,8.7,0.0,0.7,3.1,1.9,5.3,0.0,1.0,1.0,3.0,3.0,16.7,73.3,10.6,4.4,11.8,88.2,24.6,6.8,18.5,24.0,23.9,23.9,2.9,60.5,17.4,0.0,1.3,6.3,3.8,10.7,0.0,54.0,44.7,1.4,71.2,8.1,10.6,0.0,0.0,8.1,2.0,45.8,54.2,14.8
57922001,57922,COPPELL H S,COPPELL ISD,268.3,18.2,14.0,38.0,11.0,65.8,59.2,76.8,46.5,9.0,0.0,167.5,89.8,11.0,300.5,338.5,0,10,2,1,82068,96799,68446,61286,62731,66545,71811,72834,80079,0.0,0.0,20.8,16.5,26.0,201.0,4.0,127.6,140.7,5.8,12.4,124.4,37.1,3.2,0.0,3.5,13.4,86.8,0.0,9.0,9.0,2.8,2.1,87.7,79.2,5.4,4.1,11.2,88.8,25.9,4.1,24.5,22.1,28.6,17.3,3.4,46.4,13.8,1.2,0.0,1.3,5.0,32.4,0.0,62.4,33.5,4.1,74.9,6.2,9.7,0.0,0.0,7.8,1.5,47.5,52.5,15
57922003,57922,NEW TECH H S AT COPPELL,COPPELL ISD,27.7,4.0,3.0,0.5,2.0,4.0,9.5,6.2,5.0,1.0,0.0,16.0,11.6,0.0,34.7,35.2,0,2,0,0,75687,93629,67481,61151,62275,65995,69772,72451,76106,0.0,0.0,5.0,1.1,2.0,18.5,1.0,11.1,16.5,5.0,12.2,3.2,4.9,0.5,0.0,0.0,0.0,19.1,0.0,3.0,3.0,2.0,2.0,9.7,78.6,11.4,8.5,1.5,98.5,27.4,7.2,14.5,34.3,22.3,18.1,3.6,11.4,17.8,1.8,0.0,0.0,0.0,68.9,0.0,58.0,42.0,0.0,67.0,4.1,7.2,0.0,0.0,18.1,3.6,40.2,59.8,13
61901002,61901,RYAN H S,DENTON ISD,161.3,21.6,5.2,17.6,6.0,33.2,33.6,45.9,34.5,8.0,3.0,91.4,65.6,1.3,188.1,205.7,5,3,1,1,74744,107249,65543,57958,59973,64910,67120,69602,70427,0.7,0.0,0.3,17.9,11.7,127.9,2.7,76.9,84.4,8.6,12.9,113.8,19.8,2.7,0.0,0.0,10.0,14.9,0.0,20.0,20.0,10.2,10.2,46.2,78.4,10.5,2.5,8.6,91.4,22.5,3.7,20.6,20.8,28.5,21.4,5.0,70.6,12.3,1.7,0.0,0.0,6.2,9.3,1.8,56.7,40.7,0.8,79.3,11.1,7.2,0.0,0.5,0.2,1.7,47.7,52.3,13.4
61901003,61901,DENTON H S,DENTON ISD,152.3,21.1,6.2,21.1,8.1,39.1,27.7,52.5,20.4,4.5,3.6,88.6,56.4,3.7,179.7,200.8,0,7,0,2,69442,99990,65365,57458,61143,62791,69173,68902,71584,1.0,0.0,0.3,14.3,17.4,114.1,5.3,70.4,81.9,6.6,11.1,96.7,18.0,3.1,0.0,0.0,13.2,21.4,0.0,7.0,7.0,6.8,6.0,47.3,75.9,10.5,3.1,10.5,89.5,23.6,5.3,25.6,18.2,34.5,13.4,2.9,63.5,11.8,2.0,0.0,0.0,8.6,14.1,2.3,58.2,37.0,2.5,74.9,9.4,11.4,0.0,0.7,0.2,3.5,46.2,53.8,13.5
61901007,61901,GUYER H S,DENTON ISD,172.6,21.9,7.6,20.7,5.3,30.8,34.1,61.6,38.4,2.5,3.6,105.4,60.8,2.8,202.0,222.7,3,8,2,0,73043,105157,65766,47206,64375,62317,67326,69531,73360,0.0,0.0,1.3,10.1,16.4,142.5,2.4,78.2,94.4,8.5,12.8,118.0,22.8,1.7,0.0,0.0,9.5,20.6,0.0,19.0,19.0,11.3,10.1,48.0,77.5,9.8,3.4,9.3,90.7,21.6,3.1,17.8,19.7,35.7,22.2,1.4,68.3,13.2,1.0,0.0,0.0,5.5,12.0,2.1,61.1,35.2,1.6,82.5,5.8,9.5,0.0,0.0,0.7,1.4,45.3,54.7,14.9
61901008,61901,RAY BRASWELL H S,DENTON ISD,179.8,24.5,10.3,18.3,23.4,56.5,38.5,46.9,12.5,2.0,5.3,106.4,63.1,5.0,214.6,232.9,5,6,2,0,69285,100726,62998,51312,61314,64271,67878,69097,70123,1.4,1.0,0.0,42.8,19.0,111.5,4.2,92.0,87.8,4.1,8.7,120.3,24.2,3.4,0.0,0.0,13.4,18.5,0.0,10.0,6.5,4.9,3.8,91.7,77.2,10.5,4.4,7.8,92.2,39.4,13.0,31.4,21.4,26.1,7.0,1.1,66.9,13.5,1.9,0.0,0.0,7.5,10.3,2.9,59.2,35.1,2.8,62.0,23.8,10.6,0.6,0.8,0.0,2.3,51.1,48.9,15.3
61901039,61901,FRED MOORE H S,DENTON ISD,6.6,3.1,1.0,0.0,0.0,1.0,1.8,1.8,2.0,0.0,0.0,4.6,1.9,0.0,10.7,10.7,0,1,0,0,73297,119430,65030,.,60462,62752,65920,68506,.,0.0,0.0,0.0,1.0,0.0,5.6,0.0,1.0,5.6,11.1,14.0,6.0,0.5,0.0,0.0,0.0,0.0,0.0,0.0,3.0,3.0,0.0,0.0,2.3,61.7,28.9,9.4,0.0,100.0,21.1,0.0,15.2,26.7,27.6,30.4,0.0,92.0,7.6,0.0,0.0,0.0,0.4,0.0,0.0,70.7,29.3,0.0,84.8,15.2,0.0,0.0,0.0,0.0,0.0,15.2,84.8,9.1
61902001,61902,LEWISVILLE H S,LEWISVILLE ISD,302.2,29.3,16.6,38.5,14.4,75.9,72.2,78.0,51.1,10.5,11.7,185.0,98.8,6.7,348.0,386.5,1,15,0,3,77702,100856,65751,56573,60165,64120,68774,71494,79456,0.0,0.0,13.3,27.2,30.3,226.1,5.3,115.0,187.2,7.4,11.6,184.0,39.9,2.6,3.7,1.4,49.2,21.4,0.0,6.0,6.0,7.5,6.3,110.3,78.2,7.6,4.3,10.0,90.0,28.5,4.8,25.1,23.9,25.8,16.9,3.5,60.9,13.2,0.9,1.2,0.5,16.3,7.1,3.9,61.2,32.7,2.2,74.8,9.0,10.0,0.0,0.0,4.4,1.8,38.0,62.0,13.8
61902002,61902,MARCUS H S,LEWISVILLE ISD,193.2,19.4,10.1,17.8,6.8,35.4,40.5,67.6,35.4,7.5,7.3,109.5,73.0,3.4,222.6,240.5,1,10,0,2,73718,98833,66457,43624,58620,64044,69764,71731,82476,0.0,0.0,3.0,5.0,17.4,159.6,8.2,73.8,119.4,9.1,12.8,105.8,19.2,0.2,0.0,0.0,41.0,27.0,0.0,6.0,6.0,6.9,6.9,33.3,80.3,8.1,4.2,7.4,92.6,13.8,3.5,18.3,21.0,35.0,18.3,3.9,54.8,9.9,0.1,0.0,0.0,21.2,14.0,3.8,56.7,37.8,1.8,82.6,2.6,9.0,0.0,0.0,1.5,4.2,38.2,61.8,15.5
61902004,61902,THE COLONY H S,LEWISVILLE ISD,136.2,15.4,7.1,13.9,9.1,37.0,31.4,37.0,16.7,5.0,7.9,76.9,46.9,4.5,158.6,172.5,1,8,0,1,72617,102175,65640,54126,60569,64228,68225,75664,80351,0.0,1.0,7.2,13.6,11.3,97.0,6.1,62.9,73.3,6.4,10.7,80.0,11.7,0.6,0.0,0.0,35.1,8.8,1.0,15.0,13.0,4.8,4.6,40.4,78.9,8.9,4.1,8.1,91.9,23.4,6.7,27.2,23.1,27.1,12.3,3.7,58.8,8.6,0.4,0.0,0.0,25.8,6.5,5.8,56.4,34.5,3.3,71.2,10.0,8.3,0.7,0.0,5.3,4.5,46.1,53.9,13.8
61902008,61902,HEBRON H S,LEWISVILLE ISD,222.7,22.1,10.1,16.9,9.4,53.3,41.7,76.7,31.6,10.0,7.2,139.4,74.1,2.0,254.9,271.8,1,11,0,2,75895,101959,66050,48946,60479,64443,68060,73661,78979,1.0,0.0,9.0,23.6,20.7,165.0,3.4,104.7,118.0,7.4,11.9,121.7,25.9,0.4,0.0,0.0,41.4,33.3,2.0,8.0,8.0,7.4,7.4,67.7,81.9,8.1,3.7,6.2,93.8,24.9,4.2,23.9,18.7,34.4,14.2,4.5,54.7,11.6,0.2,0.0,0.0,18.6,15.0,3.2,62.6,33.3,0.9,74.1,10.6,9.3,0.0,0.4,4.0,1.5,47.0,53.0,16.5
61902010,61902,FLOWER MOUND H S,LEWISVILLE ISD,216.1,20.3,12.1,18.8,3.8,37.7,39.4,72.7,51.5,11.0,2.8,150.8,60.7,1.9,248.5,267.4,1,10,0,2,76888,102618,67612,59707,59513,64526,68927,72672,76755,1.0,0.0,5.0,4.0,17.5,182.3,6.4,87.7,128.4,9.5,13.9,111.8,25.7,0.0,0.0,0.0,41.9,36.5,0.0,6.5,6.5,6.6,6.2,36.6,80.8,7.6,4.5,7.0,93.0,13.7,1.8,17.4,18.2,33.6,23.8,5.1,51.8,11.9,0.0,0.0,0.0,19.4,16.9,1.3,69.8,28.1,0.9,84.3,1.9,8.1,0.0,0.5,2.3,2.9,40.6,59.4,15.9
61903001,61903,PILOT POINT H S,PILOT POINT ISD,36.4,2.1,4.4,2.6,3.0,13.0,6.4,10.1,3.9,0.0,0.0,27.1,9.4,0.0,42.8,45.4,0,1,0,0,73161,72961,61021,53325,57107,67564,63111,63816,.,0.0,0.0,0.0,0.0,2.0,34.4,0.0,13.7,22.7,2.6,9.5,17.0,8.6,0.0,5.0,0.0,2.0,3.8,0.0,14.0,1.0,1.0,1.0,2.9,80.2,4.5,9.6,5.7,94.3,6.5,8.2,35.7,17.6,27.9,10.6,0.0,46.6,23.7,0.0,13.7,0.0,5.4,10.4,0.0,74.3,25.7,0.0,94.5,0.0,5.5,0.0,0.0,0.0,0.0,37.6,62.4,12.6
61905001,61905,KRUM H S,KRUM ISD,50.5,4.6,3.3,4.0,5.7,9.3,8.0,11.6,13.0,3.0,1.1,38.7,10.7,0.0,58.4,62.4,0,2,1,0,65589,89972,61831,51923,51557,47621,64495,77715,71295,1.0,0.0,1.0,0.0,1.9,46.6,0.0,20.2,30.3,5.3,13.7,24.3,13.4,0.0,1.2,0.0,5.0,6.7,0.0,5.0,1.0,1.5,1.5,4.9,81.0,7.3,5.3,6.4,93.6,7.9,11.3,18.3,15.8,22.9,25.7,5.9,48.1,26.4,0.0,2.4,0.0,9.9,13.2,2.2,76.5,21.3,0.0,92.3,0.0,3.8,0.0,2.0,2.0,0.0,40.1,59.9,14.9
61906001,61906,PONDER H S,PONDER ISD,42.4,3.2,1.0,7.9,0.4,7.5,10.0,7.4,13.2,4.0,0.0,29.2,13.3,0.0,46.7,54.6,1,1,0,0,81260,79894,61604,45500,48840,55684,58485,71193,75821,0.0,0.0,0.0,0.9,0.1,39.8,1.6,20.4,22.1,5.8,15.1,31.8,6.2,0.1,0.0,0.0,2.6,1.7,0.0,11.0,3.0,8.0,1.0,2.0,77.7,5.9,1.9,14.5,85.5,3.7,0.9,17.6,23.5,17.5,31.1,9.4,75.0,14.5,0.3,0.0,0.0,6.2,4.0,0.0,68.8,31.2,0.0,93.9,2.1,0.3,0.0,0.0,0.0,3.7,48.0,52.0,12.6
61907001,61907,AUBREY H S,AUBREY ISD,60.3,4.0,2.3,12.6,4.2,19.0,6.6,14.5,12.0,4.0,1.0,39.5,19.7,0.0,66.6,79.1,0,2,0,0,69894,88647,64724,58783,56010,61593,67643,75349,74935,0.0,1.0,0.0,1.8,9.0,48.4,0.0,28.5,31.8,3.6,13.0,37.9,8.3,0.6,0.0,0.0,6.1,7.3,0.0,3.0,2.0,2.0,2.0,14.0,76.1,5.1,2.9,15.9,84.1,17.7,7.0,31.5,10.9,24.1,19.9,6.6,63.0,13.8,0.9,0.0,0.0,10.2,12.1,1.7,65.6,32.7,0.0,80.3,3.1,14.9,1.7,0.0,0.0,0.0,47.3,52.7,17.2
61908001,61908,SANGER H S,SANGER ISD,62.5,11.4,3.6,12.4,4.7,18.3,10.1,12.3,12.1,4.9,1.0,43.0,17.5,1.0,77.5,89.8,1,3,0,1,69682,99766,61517,49774,51734,56046,63374,76097,79771,1.0,0.0,1.0,1.9,2.2,55.5,0.9,29.2,33.3,4.8,11.9,33.9,13.3,0.0,0.0,0.0,11.5,3.7,0.0,1.0,1.0,4.0,4.0,11.1,69.6,12.7,4.0,13.8,86.2,12.4,7.6,29.2,16.2,19.7,19.4,7.9,54.2,21.3,0.0,0.1,0.0,18.5,6.0,1.6,68.8,28.0,1.6,88.8,3.1,3.5,0.0,1.6,1.6,1.4,46.7,53.3,13.2
61908003,61908,LINDA TUTT H S,SANGER ISD,4.2,1.4,1.0,9.8,0.0,0.0,2.0,1.0,0.3,0.9,0.0,2.3,1.9,0.0,6.5,16.3,0,1,0,0,70060,84596,65393,.,.,57778,65678,66327,82210,0.0,0.0,0.0,0.0,1.0,3.2,0.0,1.9,2.3,9.0,17.8,3.7,0.5,0.0,0.0,0.0,0.0,0.0,0.0,5.0,5.0,5.0,5.0,6.0,25.6,8.3,6.1,60.0,40.0,36.8,0.0,0.0,47.9,24.0,7.2,20.9,88.9,11.1,0.0,0.0,0.0,0.0,0.0,0.0,55.2,44.8,0.0,76.0,0.0,24.0,0.0,0.0,0.0,0.0,44.8,55.2,5.5
61910001,61910,ARGYLE H S,ARGYLE ISD,101.0,13.8,6.0,13.4,4.1,15.6,21.3,35.7,19.0,5.3,0.9,59.2,38.8,2.0,120.7,134.2,0,6,0,1,81021,102225,65501,43942,60672,62203,65730,74345,76625,0.0,0.0,0.0,0.0,4.0,95.0,2.0,39.4,61.6,4.6,13.9,64.7,10.8,0.8,0.0,0.0,6.1,18.5,0.0,6.0,6.0,3.3,3.3,6.1,75.2,10.3,4.5,10.0,90.0,4.5,4.1,15.5,21.1,35.3,18.8,5.2,64.1,10.7,0.7,0.0,0.0,6.0,18.4,0.9,58.7,38.5,2.0,94.1,0.0,4.0,0.0,0.0,0.0,2.0,39.0,61.0,15.1
61911001,61911,NORTHWEST H S,NORTHWEST ISD,143.2,15.1,9.8,12.0,5.9,40.7,27.4,42.8,22.5,4.0,1.2,88.1,51.9,2.0,168.2,180.2,1,7,1,0,75698,98602,65811,57037,62692,63142,66878,72543,79513,2.0,0.0,4.2,5.6,13.4,118.0,0.0,59.8,83.4,5.8,11.9,79.1,27.5,0.4,1.9,0.0,11.0,23.4,0.8,18.0,6.0,5.0,4.3,30.9,79.5,8.4,5.5,6.6,93.4,17.2,4.1,28.4,19.2,29.9,15.7,2.8,55.2,19.2,0.3,1.4,0.0,7.7,16.3,0.8,61.5,36.2,1.4,82.4,3.9,9.4,0.0,1.4,3.0,0.0,41.8,58.2,17.8
61911007,61911,BYRON NELSON H S,NORTHWEST ISD,153.8,18.1,8.6,14.9,5.8,26.9,36.4,57.7,24.9,2.0,0.9,99.8,52.1,1.0,180.5,195.3,1,8,1,0,78183,100458,66006,63576,62732,63414,66892,71074,75614,0.0,0.0,3.0,3.4,16.3,127.8,3.3,64.8,88.9,6.4,12.8,76.8,26.2,0.9,1.8,0.0,9.2,38.8,0.3,2.0,2.0,8.6,8.3,36.2,78.7,9.3,4.4,7.6,92.4,18.5,3.8,17.5,23.7,37.5,16.2,1.3,49.9,17.1,0.6,1.2,0.0,6.0,25.2,0.6,64.9,33.9,0.7,83.1,2.2,10.6,0.0,0.0,2.0,2.1,42.2,57.8,18.8
61911010,61911,JAMES M STEELE EARLY COLLEGE H S,NORTHWEST ISD,20.7,4.0,2.7,1.0,0.0,4.2,5.9,4.6,5.0,1.0,1.0,11.9,7.8,0.0,27.4,28.4,1,1,0,0,81896,99579,67324,.,62083,62612,70301,72774,76365,0.0,0.0,1.6,0.0,4.0,15.1,0.0,6.2,14.5,5.7,12.8,7.0,3.7,0.5,0.4,0.0,0.6,8.4,0.0,14.0,12.0,12.0,10.0,6.9,73.0,14.0,9.5,3.5,96.5,24.3,0.0,20.2,28.6,22.4,23.9,4.8,33.8,17.8,2.3,2.2,0.0,3.1,40.8,4.8,57.6,37.6,0.0,73.1,0.0,19.3,0.0,0.0,7.5,0.0,29.9,70.1,12.4
61911011,61911,V R EATON H S,NORTHWEST ISD,171.3,19.3,8.8,14.8,6.7,40.9,34.5,58.4,27.8,3.0,0.5,99.9,70.3,0.6,199.4,214.3,1,10,1,0,76537,100633,66195,64408,61806,63184,67275,73390,77031,2.0,0.0,1.0,13.0,18.0,135.3,2.0,71.0,100.4,4.6,12.0,91.1,30.0,0.3,2.0,0.3,16.8,30.9,1.5,4.0,4.0,6.2,3.9,43.3,80.0,9.0,4.1,6.9,93.1,20.2,3.9,23.9,20.1,34.1,16.2,1.8,53.2,17.5,0.2,1.2,0.2,9.8,18.0,0.3,58.3,41.0,0.4,79.0,7.6,10.5,0.0,1.2,0.6,1.2,41.4,58.6,19.0
61912001,61912,LAKE DALLAS H S,LAKE DALLAS ISD,82.2,8.0,10.0,7.6,4.0,22.2,19.1,20.0,15.0,2.0,0.0,53.3,26.0,3.0,100.2,107.8,0,5,0,0,74610,98886,66714,60266,61348,64951,69458,72848,82384,0.0,0.0,0.0,2.0,7.0,70.2,3.0,41.3,40.9,7.2,11.6,50.6,15.3,1.3,0.0,3.0,8.3,3.7,0.0,3.0,3.0,5.7,5.7,15.0,76.2,7.4,9.3,7.1,92.9,13.9,4.9,26.9,23.2,24.3,18.2,2.4,61.5,18.7,1.6,0.0,3.7,10.0,4.5,0.0,64.8,31.6,3.6,85.4,2.4,8.5,0.0,0.0,0.0,3.6,50.2,49.8,15.6
61914001,61914,LITTLE ELM H S,LITTLE ELM ISD,148.1,21.6,10.0,14.1,15.6,35.6,42.5,40.6,9.8,4.0,1.0,97.3,49.8,0.0,179.7,193.9,2,8,1,1,80625,95708,64109,58828,61319,62778,66431,75292,72590,0.0,0.0,2.0,23.4,17.0,105.7,0.0,70.9,77.1,4.1,10.1,94.6,23.8,1.2,1.7,0.0,10.9,16.0,2.7,5.0,1.5,7.8,4.4,65.3,76.4,11.2,5.2,7.3,92.7,33.7,10.5,24.0,28.7,27.4,6.6,2.7,63.9,16.0,0.8,1.1,0.0,7.3,10.8,0.7,65.7,33.6,0.0,71.3,15.8,11.5,0.0,0.0,1.4,0.0,47.9,52.1,17.0
220901001,220901,ARLINGTON H S,ARLINGTON ISD,160.9,19.0,8.0,14.5,22.7,38.9,30.7,45.5,19.1,4.0,1.0,117.7,37.2,5.0,187.9,202.4,0,9,0,1,86125,102085,67214,49208,65902,66700,71926,77288,84172,0.0,0.0,3.5,27.7,19.9,105.7,4.0,66.0,94.9,7.2,10.3,111.4,17.6,0.6,0.0,22.0,9.2,0.1,0.0,11.0,11.0,3.0,2.3,72.9,79.5,9.4,4.0,7.2,92.8,36.0,14.1,24.2,19.1,28.3,11.9,2.5,69.2,10.9,0.4,0.0,13.7,5.7,0.1,0.6,73.2,23.1,3.1,65.7,17.2,12.4,0.0,0.0,2.2,2.5,41.0,59.0,15.5
220901002,220901,SAM HOUSTON H S,ARLINGTON ISD,204.1,24.2,10.1,17.5,39.2,57.1,34.9,48.7,22.0,2.1,0.0,140.5,60.6,3.0,238.3,255.8,0,12,0,1,88209,105560,65563,49562,65721,68335,70368,76229,90438,0.0,0.0,9.0,55.9,51.6,79.7,8.0,104.6,99.5,6.2,9.1,129.9,24.5,1.5,2.0,21.9,23.8,0.6,0.0,6.5,6.5,5.8,4.1,149.1,79.8,9.4,3.9,6.8,93.2,58.3,19.2,28.0,17.1,23.9,10.8,1.0,63.7,12.0,0.7,1.0,10.7,11.7,0.3,0.0,68.8,29.7,1.5,39.0,27.4,25.3,0.0,0.0,4.4,3.9,51.2,48.8,15.6
220901003,220901,LAMAR H S,ARLINGTON ISD,167.4,22.9,7.8,13.5,22.7,38.8,35.8,37.1,29.0,4.0,1.9,110.6,52.7,2.2,198.2,211.7,0,10,0,1,82640,99730,67267,48978,65575,67297,71139,77667,75685,0.0,0.0,9.0,33.4,27.0,93.9,4.0,73.4,94.0,6.4,10.8,102.5,19.5,0.8,0.0,22.7,21.6,0.3,0.0,11.0,11.0,8.7,8.3,95.8,79.1,10.8,3.7,6.4,93.6,45.3,13.5,23.2,21.4,22.2,17.3,2.4,61.2,11.7,0.5,0.0,13.6,12.9,0.2,1.1,66.1,31.5,1.3,56.1,20.0,16.2,0.0,0.0,5.4,2.4,43.9,56.1,14.8
220901004,220901,BOWIE H S,ARLINGTON ISD,157.9,17.0,6.9,14.7,17.9,30.0,39.7,39.9,25.4,5.0,2.5,110.7,41.7,3.0,181.8,196.5,0,7,0,1,88347,98932,67459,45310,64915,67511,71297,76501,85280,0.0,1.0,8.0,52.6,27.1,68.2,1.0,59.4,98.5,8.0,11.6,103.1,20.5,1.0,0.0,24.4,8.9,0.0,0.0,2.0,2.0,6.4,6.1,120.4,80.3,8.7,3.5,7.5,92.5,61.3,11.4,19.0,25.1,25.3,16.1,3.2,65.3,13.0,0.6,0.0,15.5,5.6,0.0,1.6,70.1,26.4,1.9,43.2,33.3,17.2,0.6,0.0,5.1,0.6,37.6,62.4,14.9
220901005,220901,MARTIN H S,ARLINGTON ISD,208.0,22.0,9.0,15.0,15.1,47.0,37.6,58.4,43.4,6.5,1.0,141.5,61.5,4.0,239.0,254.1,0,13,0,1,85710,107455,69133,51459,65591,68217,71156,75608,79733,1.0,0.0,2.0,21.7,24.4,149.9,9.0,90.0,118.1,8.6,12.5,124.1,26.7,0.7,0.0,39.9,16.0,0.6,0.0,8.0,8.0,9.6,8.6,64.5,81.9,8.7,3.5,5.9,94.1,25.4,7.3,22.6,18.1,28.1,20.9,3.1,59.7,12.8,0.3,0.0,19.2,7.7,0.3,0.5,68.0,29.6,1.9,72.1,10.4,11.8,0.0,0.5,1.0,4.3,43.2,56.8,17.6
220901006,220901,VENTURE ALTER H S,ARLINGTON ISD,67.5,6.4,2.1,9.4,4.0,9.0,14.0,22.6,12.9,5.0,1.0,47.0,19.5,0.0,76.0,85.5,0,3,0,1,79997,112560,70174,57726,64334,70504,70477,76905,70986,0.0,0.0,3.0,10.0,9.0,43.5,2.0,21.0,46.5,11.6,14.6,52.9,5.5,8.0,0.0,0.0,1.0,0.0,0.0,7.0,7.0,8.5,8.5,30.5,78.9,7.5,2.5,11.1,88.9,35.7,5.9,13.3,20.8,33.4,19.1,7.4,78.5,8.1,11.9,0.0,0.0,1.5,0.0,1.5,69.7,28.8,0.0,64.4,14.8,13.3,0.0,0.0,4.4,3.0,31.1,68.9,11.6
220901009,220901,SEGUIN H S,ARLINGTON ISD,119.8,16.0,5.1,21.4,16.7,21.6,29.4,30.2,20.8,0.9,0.0,85.7,31.1,3.0,140.9,162.3,0,5,0,1,85353,107626,67884,52565,64018,68487,72318,76438,79230,0.0,0.0,5.0,37.2,17.9,55.7,4.0,55.6,64.2,6.8,11.4,74.1,11.6,0.4,0.0,13.6,19.9,0.1,0.0,2.0,2.0,3.8,3.8,84.8,73.8,9.9,3.2,13.2,86.8,52.2,14.0,18.1,24.6,25.2,17.3,0.8,61.8,9.7,0.3,0.0,11.4,16.6,0.1,0.0,71.5,26.0,2.5,46.5,31.1,14.9,0.0,0.0,4.2,3.3,46.4,53.6,13.0
220901011,220901,ARLINGTON COLLEGIATE H S,ARLINGTON ISD,16.5,6.0,2.0,1.0,0.0,2.5,6.0,6.0,2.0,0.0,0.0,2.0,13.5,1.0,24.5,25.5,0,2,0,0,83919,127844,68743,.,64487,66406,70757,75101,.,0.0,0.0,0.0,1.0,2.5,12.0,1.0,7.0,9.5,9.5,12.2,8.4,1.0,0.0,1.0,6.1,0.0,0.0,0.0,6.0,6.0,2.0,2.0,8.5,64.8,23.5,7.8,3.8,96.2,33.4,0.0,15.3,36.3,36.3,12.1,0.0,51.1,6.0,0.0,6.0,36.8,0.0,0.0,0.0,12.1,81.9,6.0,72.6,6.0,15.3,0.0,0.0,0.0,6.0,42.3,57.7,24.5
220901014,220901,ARLINGTON COLLEGE AND CAREER H S,ARLINGTON ISD,18.5,3.0,2.0,0.0,2.5,2.0,5.0,8.0,1.0,0.0,0.0,4.7,13.8,0.0,23.5,23.5,0,2,0,0,92469,126500,65795,47546,64000,66700,70376,73901,.,0.0,0.0,0.0,0.8,3.9,13.7,0.0,6.6,11.9,7.9,10.8,8.5,0.3,0.0,1.6,7.2,1.0,0.0,0.0,12.0,12.0,1.0,1.0,7.8,78.7,12.8,8.5,0.0,100.0,33.0,13.5,10.8,27.0,43.2,5.4,0.0,46.0,1.4,0.0,8.4,38.8,5.4,0.0,0.0,25.6,74.4,0.0,74.2,4.5,21.3,0.0,0.0,0.0,0.0,35.5,64.5,19.7
220902001,220902,HALTOM H S,BIRDVILLE ISD,170.3,17.0,9.2,16.3,12.7,54.8,38.4,40.2,23.3,0.9,1.4,112.8,55.1,1.0,196.5,212.7,0,9,1,0,79114,106184,65448,63445,63050,63640,66936,72305,73151,2.0,0.0,6.0,13.7,31.7,113.9,3.0,75.4,94.9,6.2,9.9,110.0,23.2,2.8,2.2,0.0,9.5,22.6,0.0,8.0,4.3,7.9,5.1,66.4,80.0,8.0,4.3,7.6,92.4,31.2,7.5,32.2,22.6,23.6,13.7,0.5,64.6,13.6,1.6,1.3,0.0,5.6,13.2,0.8,66.2,32.4,0.6,66.9,8.1,18.6,0.0,1.2,3.5,1.8,44.3,55.7,16.2
220902002,220902,RICHLAND H S,BIRDVILLE ISD,129.2,16.0,5.2,11.0,7.6,18.1,29.2,48.5,17.5,8.3,0.3,80.1,48.4,0.5,150.4,161.3,0,7,0,1,77796,98804,66686,61275,61937,63340,66558,72894,81341,1.0,0.0,2.0,9.6,17.5,95.8,3.4,63.2,66.0,7.9,12.5,79.9,19.0,1.0,2.9,0.0,9.9,16.6,0.0,12.5,10.5,5.0,3.6,38.5,80.1,9.9,3.2,6.8,93.2,23.8,5.9,14.0,22.6,37.5,13.6,6.4,61.8,14.7,0.8,2.2,0.0,7.6,12.8,0.2,62.0,37.4,0.4,74.1,7.4,13.5,0.0,0.8,1.5,2.6,48.9,51.1,15.5
220902010,220902,BIRDVILLE H S,BIRDVILLE ISD,127.4,15.5,4.7,17.6,11.3,19.2,28.0,34.7,23.2,11.0,0.3,98.4,25.9,2.7,147.5,165.1,0,7,1,0,79439,97496,67366,63939,61337,64474,66963,72574,78966,0.0,0.0,2.0,4.2,12.5,107.6,1.0,57.9,69.5,8.2,13.4,74.1,19.7,1.2,1.5,0.0,11.2,19.7,0.0,13.5,11.5,6.5,5.3,32.5,77.1,9.4,2.8,10.6,89.4,19.7,8.8,15.1,21.9,27.2,18.2,8.7,58.2,15.5,1.0,1.1,0.0,8.8,15.5,0.3,77.3,20.4,2.1,84.5,3.3,9.8,0.0,0.0,1.6,0.8,45.4,54.6,16.4
220902012,220902,SHANNON H S,BIRDVILLE ISD,18.1,7.8,1.7,8.2,1.4,3.3,1.5,9.1,2.0,0.8,0.0,6.0,12.1,0.0,27.6,35.9,0,2,0,1,77384,108447,65707,61148,62049,63856,65259,74177,77117,0.0,0.0,0.0,1.0,1.8,15.3,0.0,6.9,11.2,6.6,11.9,0.3,2.1,0.0,13.1,0.0,2.5,0.0,0.0,6.5,4.5,16.0,13.0,8.3,50.5,21.8,4.7,23.0,77.0,23.1,7.9,18.2,8.4,50.4,11.0,4.1,1.8,11.8,0.0,72.5,0.0,13.8,0.0,0.0,33.3,66.7,0.0,84.5,5.6,9.9,0.0,0.0,0.0,0.0,38.0,62.0,7.4
220904001,220904,EVERMAN H S,EVERMAN ISD,103.7,12.8,5.6,11.0,5.7,31.0,32.8,21.7,11.8,0.7,4.8,70.9,25.9,2.0,122.1,133.1,0,5,0,0,80747,93555,68133,65889,64907,66322,70489,77993,75323,2.0,0.0,0.0,53.2,12.6,34.8,1.0,52.3,51.4,4.8,9.9,60.9,15.8,1.9,0.0,0.0,17.0,8.0,0.1,2.0,2.0,2.3,1.5,87.6,77.9,9.6,4.2,8.3,91.7,65.8,5.5,29.9,31.6,21.0,11.4,0.6,58.8,15.3,1.9,0.0,0.0,16.4,7.7,4.7,68.4,25.0,1.9,33.6,51.3,12.2,0.0,1.9,0.0,1.0,50.4,49.6,16.5
220904003,220904,EVERMAN ACADEMY H S,EVERMAN ISD,7.3,1.0,3.0,2.3,1.0,2.0,1.0,1.6,1.7,0.0,0.0,4.3,3.0,0.0,11.3,13.6,0,1,0,0,79508,98007,67718,62500,62758,64380,70784,75642,.,0.0,0.0,0.0,1.0,0.0,6.3,0.0,2.6,4.7,3.9,13.0,6.3,0.0,0.0,1.0,0.0,0.0,0.0,0.0,4.0,4.0,4.0,4.0,7.3,53.6,7.3,22.0,17.1,82.9,53.8,13.7,27.4,13.7,21.8,23.5,0.0,86.3,0.0,0.0,13.7,0.0,0.0,0.0,0.0,58.9,41.1,0.0,86.3,13.7,0.0,0.0,0.0,0.0,0.0,35.5,64.5,8.6
220905001,220905,CARTER-RIVERSIDE H S,FORT WORTH ISD,65.6,17.6,5.0,5.8,3.9,15.4,22.2,14.0,6.9,3.1,2.0,38.7,23.6,1.3,88.2,94.0,1,4,0,1,74835,101676,70005,61991,67307,66418,71945,74960,99425,0.0,0.0,2.9,8.0,14.5,40.2,0.0,34.0,31.6,9.0,11.3,39.9,5.0,7.0,0.0,0.0,4.7,9.0,0.0,10.0,10.0,11.3,11.3,42.2,69.8,18.7,5.3,6.2,93.8,45.0,6.0,23.5,33.9,21.3,10.5,4.7,60.8,7.6,10.7,0.0,0.0,7.2,13.7,3.1,59.0,35.9,2.0,61.3,12.2,22.1,0.0,0.0,4.5,0.0,51.9,48.1,15.7
220905002,220905,ARLINGTON HEIGHTS H S,FORT WORTH ISD,118.2,18.2,5.0,10.6,6.6,22.9,22.4,34.5,23.8,8.0,0.0,80.3,36.0,2.0,141.5,152.1,0,5,0,1,78836,105694,70905,62309,63816,66559,72251,75796,90102,0.0,0.0,2.0,15.5,12.4,88.3,0.0,65.7,52.5,9.6,13.8,47.5,14.4,12.6,1.4,0.0,10.6,31.7,0.0,21.0,21.0,9.5,9.0,47.8,77.7,12.0,3.3,7.0,93.0,31.4,5.6,19.4,18.9,29.2,20.2,6.8,40.2,12.2,10.7,1.2,0.0,8.9,26.8,0.0,67.9,30.5,1.7,74.7,13.1,10.5,0.0,0.0,1.7,0.0,55.6,44.4,16.4
220905003,220905,SOUTH HILLS H S,FORT WORTH ISD,119.5,18.7,4.6,2.9,4.2,31.4,34.2,32.3,10.0,7.4,3.2,83.1,33.2,0.0,142.8,145.7,0,6,0,1,78743,107186,68955,62781,64780,65856,70049,74323,92331,0.0,0.0,3.0,16.0,28.7,69.8,2.0,50.0,69.5,9.1,11.4,62.5,16.0,10.8,2.6,0.0,9.7,18.0,0.0,14.0,14.0,8.0,8.0,62.4,82.0,12.8,3.2,2.0,98.0,42.8,3.5,26.3,28.6,27.0,8.4,6.2,52.3,13.4,9.0,2.1,0.0,8.1,15.1,2.7,69.5,27.8,0.0,58.4,13.4,24.0,0.0,0.0,2.5,1.7,41.8,58.2,15.7
220905004,220905,DIAMOND HILL-JARVIS H S,FORT WORTH ISD,70.2,15.1,4.5,6.9,2.9,27.3,13.3,15.6,9.0,2.0,0.0,41.6,26.5,2.0,89.7,96.6,1,4,0,1,71820,110182,69087,70279,63803,67701,72482,76866,87122,1.0,0.0,0.0,10.6,26.5,31.1,1.0,32.4,37.8,6.4,10.3,37.0,9.8,10.2,2.2,0.0,3.1,7.9,0.0,14.0,14.0,6.3,3.0,57.1,72.7,15.6,4.6,7.1,92.9,59.1,4.2,38.9,19.0,22.3,12.8,2.9,52.8,14.0,14.5,3.2,0.0,4.4,11.2,0.0,59.3,37.8,2.8,44.3,15.1,37.7,0.0,1.4,0.0,1.4,46.2,53.8,13.2
220905005,220905,DUNBAR H S,FORT WORTH ISD,56.2,13.3,6.0,4.9,3.0,17.0,7.9,19.4,5.9,3.0,4.0,26.0,26.1,0.0,75.5,80.4,0,5,0,1,75728,96904,70873,63019,66635,67710,72092,78367,88425,0.0,0.0,1.0,37.1,3.0,15.0,0.0,28.9,27.2,7.9,11.6,30.5,7.9,9.1,0.6,0.0,3.8,4.3,0.0,7.0,7.0,10.3,7.3,64.4,69.9,16.5,7.5,6.1,93.9,80.1,5.3,30.3,14.0,34.5,10.5,5.3,54.2,14.1,16.1,1.1,0.0,6.8,7.6,7.1,46.3,46.5,0.0,26.7,66.1,5.4,0.0,0.0,1.8,0.0,51.5,48.5,15.3
220905006,220905,EASTERN HILLS H S,FORT WORTH ISD,64.2,15.9,6.8,6.4,6.3,18.0,15.3,18.6,4.4,1.6,1.0,41.4,17.8,4.0,86.9,93.3,1,4,0,1,71798,96185,68788,60491,66090,66364,70698,85504,85687,1.0,0.0,3.0,41.4,6.7,10.8,1.3,33.8,30.4,6.9,9.7,33.3,8.2,8.0,2.2,0.0,6.3,6.2,0.0,11.0,11.0,8.3,8.3,77.3,68.9,17.0,7.3,6.8,93.2,82.9,9.7,28.0,23.8,29.0,6.9,2.6,51.9,12.7,12.5,3.4,0.0,9.8,9.7,1.6,64.5,27.7,6.2,16.8,64.5,10.4,0.0,1.6,4.7,2.1,52.6,47.4,18.4
220905008,220905,NORTH SIDE H S,FORT WORTH ISD,113.3,15.2,6.0,8.8,8.0,27.8,29.9,31.2,14.9,1.5,7.0,72.0,33.4,1.0,134.6,143.4,0,4,0,1,78794,100048,68689,57860,63329,67134,71500,76021,125323,1.0,0.0,3.0,8.9,41.8,58.5,0.0,59.7,53.6,8.5,10.8,59.6,16.1,12.9,3.9,0.0,2.9,18.0,0.0,24.0,24.0,6.8,6.8,73.7,79.0,10.6,4.2,6.2,93.8,51.4,7.0,24.5,26.4,27.5,13.1,1.3,52.6,14.2,11.3,3.4,0.0,2.6,15.8,6.1,63.5,29.5,0.9,51.7,7.9,36.9,0.0,0.9,2.6,0.0,52.7,47.3,15.2
220905009,220905,POLYTECHNIC H S,FORT WORTH ISD,80.2,18.5,5.3,6.3,8.2,23.3,15.0,20.8,12.0,1.0,2.0,47.5,27.8,3.0,104.0,110.3,1,4,0,1,72253,99975,68651,64164,64249,65247,71480,77250,97463,0.0,0.0,2.0,18.9,21.3,37.0,1.0,43.6,36.7,8.3,10.0,34.3,11.2,11.4,1.1,0.0,14.0,8.3,0.0,14.0,14.0,9.3,7.8,61.3,72.8,16.8,4.8,5.7,94.3,55.6,10.3,29.0,18.6,25.9,14.9,1.2,42.7,14.0,14.2,1.4,0.0,17.5,10.3,2.5,59.2,34.6,3.7,46.1,23.6,26.6,0.0,0.0,2.5,1.2,54.3,45.7,17.2
220905010,220905,PASCHAL H S,FORT WORTH ISD,130.3,22.3,5.0,6.7,8.9,22.3,32.0,39.0,21.0,7.0,0.0,79.4,46.7,4.2,157.6,164.3,0,6,0,2,75078,97493,69892,55773,68893,66531,69281,76518,89886,0.0,0.0,5.8,11.7,21.4,88.4,3.0,68.5,61.7,8.9,12.7,59.5,13.5,10.3,2.4,0.0,4.3,40.3,0.0,13.0,13.0,8.6,8.4,60.0,79.3,13.6,3.1,4.1,95.9,36.5,6.8,17.2,24.6,29.9,16.1,5.4,45.6,10.4,7.9,1.8,0.0,3.3,31.0,0.0,60.9,35.9,3.2,67.8,9.0,16.4,0.0,0.0,4.4,2.3,52.6,47.4,16.5
220905011,220905,TRIMBLE TECHNICAL H S,FORT WORTH ISD,106.9,18.3,2.0,3.0,9.6,32.7,19.7,26.2,14.7,4.0,10.8,60.6,33.3,2.1,127.3,130.3,1,5,1,0,76832,106028,69281,58484,64030,68027,71294,80207,91122,0.0,0.0,4.0,16.6,29.4,54.0,2.9,52.1,54.8,9.1,11.0,46.1,26.3,12.1,1.8,0.0,0.0,20.6,0.0,9.0,2.0,7.3,6.8,63.5,82.1,14.1,1.6,2.3,97.7,48.7,9.0,30.6,18.5,24.5,13.7,3.7,43.2,24.6,11.3,1.7,0.0,0.0,19.2,10.1,56.7,31.2,2.0,50.5,15.5,27.5,0.0,0.0,3.7,2.7,48.7,51.3,16.3
220905014,220905,SOUTHWEST H S,FORT WORTH ISD,90.8,17.5,5.6,8.2,6.5,29.0,13.7,27.0,12.0,2.5,0.8,59.5,28.5,2.0,114.0,122.1,0,5,0,1,77071,109637,68788,60240,65718,66517,70272,74561,94914,0.0,0.0,0.0,25.3,15.9,48.6,1.0,41.9,48.9,7.6,10.9,43.4,11.2,8.5,0.3,0.0,10.9,16.5,0.0,17.0,17.0,7.3,7.0,59.5,74.4,14.3,4.6,6.7,93.3,48.7,7.1,31.9,15.1,29.8,13.2,2.8,47.8,12.3,9.3,0.3,0.0,12.0,18.2,0.9,65.6,31.4,2.2,53.6,27.8,17.5,0.0,0.0,0.0,1.1,46.1,53.9,13.1
220905015,220905,WESTERN HILLS H S,FORT WORTH ISD,69.4,17.6,4.1,6.8,6.0,13.0,18.2,17.4,11.8,3.0,0.0,55.3,13.1,1.0,91.0,97.9,0,5,0,1,77983,95925,69917,55620,63162,67381,72512,81116,83981,0.0,0.0,0.0,4.0,14.1,49.3,2.0,39.0,30.4,8.9,11.9,41.3,7.9,6.1,0.6,0.0,5.5,7.9,0.0,13.0,13.0,12.0,12.0,34.1,70.9,17.9,4.2,7.0,93.0,34.8,8.6,18.7,26.2,25.1,17.0,4.3,59.6,11.4,8.8,0.9,0.0,7.9,11.4,0.0,79.7,18.9,1.4,71.0,5.8,20.3,0.0,0.0,0.0,2.9,56.2,43.8,12.8
220905016,220905,O D WYATT H S,FORT WORTH ISD,94.9,17.6,6.1,12.6,4.7,35.9,17.0,25.2,7.0,5.0,2.0,49.2,41.7,1.9,118.5,131.1,0,4,0,1,78789,92243,68530,61751,63396,66889,71703,73332,94727,1.0,0.0,1.0,47.6,14.2,29.1,2.0,47.9,47.0,8.0,10.2,45.2,12.4,10.8,1.9,0.0,12.6,11.9,0.0,11.0,1.0,8.0,8.0,96.2,72.3,13.4,4.6,9.6,90.4,73.4,5.0,37.9,17.9,26.5,7.4,5.3,47.7,13.0,11.4,2.0,0.0,13.3,12.6,2.1,51.9,44.0,2.0,30.6,50.2,15.0,0.0,1.1,1.1,2.1,50.5,49.5,16.5
220905021,220905,SUCCESS H S,FORT WORTH ISD,21.8,7.8,2.0,2.3,0.0,3.0,4.0,2.6,10.2,2.0,0.0,9.2,10.6,2.0,31.5,33.8,0,1,0,0,63793,127166,69935,.,53730,66197,74868,75098,68641,0.0,0.0,3.2,3.0,2.6,13.0,0.0,7.2,14.6,13.1,18.3,10.9,0.1,10.0,0.8,0.0,0.0,0.0,0.0,20.0,20.0,18.0,18.0,20.9,64.4,22.9,5.9,6.8,93.2,61.7,0.0,13.6,18.4,12.0,46.9,9.2,49.9,0.5,45.9,3.7,0.0,0.0,0.0,0.0,42.1,48.7,9.2,59.5,13.8,12.0,0.0,0.0,14.7,0.0,32.9,67.1,24.9
220905071,220905,BENBROOK MIDDLE/HIGH SCHOOL,FORT WORTH ISD,92.5,19.8,5.2,5.6,3.0,25.3,18.2,31.1,12.6,2.3,2.0,64.4,23.1,3.0,117.5,123.1,0,6,0,1,76497,95028,70115,66431,65591,67803,69717,80541,91085,0.0,0.0,2.0,7.6,17.0,65.9,0.0,48.4,44.1,9.0,12.4,48.3,4.0,10.2,2.6,0.0,5.1,22.4,0.0,15.0,15.0,5.8,5.8,40.8,75.2,16.1,4.2,4.6,95.4,33.2,3.2,27.4,19.7,33.6,13.6,2.5,52.2,4.4,11.0,2.8,0.0,5.5,24.2,2.2,69.6,24.9,3.3,71.2,8.3,18.4,0.0,0.0,2.2,0.0,52.3,47.7,16.1
220905085,220905,MARINE CREEK COLLEGIATE H S,FORT WORTH ISD,17.8,4.9,1.1,0.0,1.0,3.0,4.9,6.3,1.6,1.0,0.0,7.3,9.5,1.0,23.8,23.8,1,1,0,0,71550,137734,71456,62000,64086,70987,72002,75585,95274,0.0,0.0,0.0,1.0,3.0,13.8,0.0,5.0,12.8,8.4,13.1,8.8,0.0,0.0,2.5,0.0,0.0,6.5,0.0,15.0,11.0,2.0,2.0,8.9,74.9,20.5,4.6,0.0,100.0,37.3,5.6,16.8,27.6,35.3,9.0,5.6,49.5,0.0,0.0,13.8,0.0,0.0,36.7,0.0,41.1,53.3,5.6,77.5,5.6,16.8,0.0,0.0,0.0,0.0,28.1,71.9,18.7
220905086,220905,TARRANT CO COLLEGE SOUTH/FORT WORTH COLLEGIATE H S,FORT WORTH ISD,18.4,5.5,2.0,0.0,0.0,7.0,2.0,5.0,3.4,1.0,0.0,7.0,11.4,0.0,25.9,25.9,0,2,0,0,82013,107965,69541,.,63265,66689,73251,75649,79948,0.0,0.0,1.0,1.0,5.0,11.4,0.0,8.0,10.4,5.8,12.7,4.2,2.2,2.3,0.4,0.0,0.0,9.3,0.0,7.0,6.0,3.0,3.0,12.5,70.9,21.3,7.7,0.0,100.0,48.3,0.0,38.1,10.9,27.1,18.5,5.4,22.8,12.1,12.5,2.2,0.0,0.0,50.4,0.0,38.1,61.9,0.0,62.0,5.4,27.2,0.0,0.0,5.3,0.0,43.5,56.5,18.5
220906001,220906,GRAPEVINE H S,GRAPEVINE-COLLEYVILLE ISD,125.5,10.1,6.0,12.7,9.2,24.6,26.9,42.1,19.6,3.1,8.7,81.3,33.5,2.0,141.6,154.3,0,5,0,0,72513,99701,65196,56139,62286,61880,67230,68936,92829,1.9,0.0,1.5,1.4,13.4,102.9,4.5,52.7,72.8,6.5,12.7,73.5,13.4,0.0,0.0,3.1,10.7,24.8,0.0,8.0,8.0,4.4,2.6,22.0,81.3,6.5,3.9,8.3,91.7,14.2,7.3,19.6,21.4,33.5,15.6,2.5,58.6,10.7,0.0,0.0,2.5,8.5,19.7,6.9,64.8,26.7,1.6,82.0,1.1,10.7,0.0,1.5,1.2,3.5,42.0,58.0,13.9
220906004,220906,COLLEYVILLE HERITAGE H S,GRAPEVINE-COLLEYVILLE ISD,122.9,7.6,3.1,8.0,8.0,22.1,25.4,40.6,19.4,7.4,7.6,74.4,38.8,2.0,133.6,141.5,0,2,0,0,73726,126492,65928,58901,61301,62510,66967,72345,76645,0.1,1.0,1.3,4.8,8.6,104.5,2.5,56.7,66.1,6.4,13.3,69.7,13.9,0.0,0.0,3.8,10.3,25.2,0.0,1.0,1.0,4.3,3.3,21.2,86.8,5.3,2.2,5.6,94.4,15.0,6.5,18.0,20.7,33.0,15.7,6.0,56.7,11.3,0.0,0.0,3.1,8.4,20.5,6.2,60.6,31.6,1.6,85.0,3.9,7.0,0.8,0.1,1.1,2.1,46.2,53.8,14.7
220907001,220907,KELLER H S,KELLER ISD,180.3,17.5,8.9,14.0,5.6,21.9,48.5,60.1,37.2,7.0,3.7,108.6,65.4,2.5,206.7,220.7,1,8,1,0,74196,91906,65429,56390,58099,63409,65635,70751,79521,0.0,0.0,2.5,4.3,19.1,153.2,1.2,77.4,102.8,7.7,13.4,101.3,32.5,1.1,0.1,26.7,18.5,0.0,0.0,6.0,6.0,4.6,4.5,33.3,81.7,7.9,4.0,6.4,93.6,15.1,3.1,12.1,26.9,33.3,20.7,3.9,56.2,18.0,0.6,0.1,14.8,10.3,0.0,2.1,60.3,36.3,1.4,85.0,2.4,10.6,0.0,0.0,1.4,0.7,43.0,57.0,16.8
220907002,220907,FOSSIL RIDGE H S,KELLER ISD,155.7,13.3,7.1,11.5,16.6,31.2,25.6,47.9,31.4,3.0,2.7,105.4,45.2,2.4,176.1,187.6,1,7,1,0,72471,92047,64381,55078,60086,63433,66337,70141,77244,3.0,0.0,0.4,17.9,28.2,105.9,0.2,69.9,85.8,6.9,12.0,89.3,23.3,5.4,0.0,16.9,20.7,0.0,0.0,7.0,7.0,5.1,4.7,59.6,83.0,7.1,3.8,6.1,93.9,31.8,10.7,20.0,16.4,30.8,20.2,1.9,57.4,15.0,3.5,0.0,10.9,13.3,0.0,1.8,67.7,29.0,1.6,68.0,11.5,18.1,0.0,1.9,0.3,0.2,44.9,55.1,14.4
220907004,220907,CENTRAL H S,KELLER ISD,168.6,15.5,8.0,16.5,7.1,40.1,39.0,54.2,23.8,4.5,2.7,109.8,54.6,1.4,192.1,208.6,1,7,1,0,71966,92314,64184,58321,57598,63530,66037,71175,78573,2.0,0.0,6.5,15.3,17.2,124.9,2.8,70.1,98.5,6.9,11.7,98.0,26.0,0.6,0.0,20.4,23.6,0.0,0.0,9.0,5.0,4.6,3.3,46.8,80.8,7.5,3.8,7.9,92.1,22.4,4.2,23.8,23.1,32.1,14.1,2.7,58.1,15.4,0.4,0.0,12.1,14.0,0.0,1.6,65.1,32.4,0.9,74.1,9.0,10.2,0.0,1.2,3.9,1.6,41.6,58.4,15.1
220907005,220907,TIMBER CREEK H S,KELLER ISD,199.5,17.7,9.0,19.6,6.7,45.5,48.3,61.8,35.2,2.0,3.8,121.4,71.3,3.0,226.2,245.8,1,8,1,0,72726,96187,64573,58082,58510,62863,66640,71645,77180,0.0,2.0,2.6,10.7,23.9,155.1,5.2,83.1,116.4,6.6,11.8,105.9,31.9,2.7,0.0,30.2,28.9,0.0,0.0,12.0,3.0,9.6,5.0,48.2,81.2,7.2,3.7,8.0,92.0,19.6,3.4,22.8,24.2,31.0,17.7,1.0,53.1,16.0,1.3,0.0,15.1,14.5,0.0,1.9,60.9,35.7,1.5,77.8,5.4,12.0,1.0,0.0,1.3,2.6,41.7,58.3,15.2
220908002,220908,MANSFIELD SUMMIT H S,MANSFIELD ISD,120.8,13.6,7.0,12.8,4.3,26.8,28.2,35.3,22.9,3.3,1.5,80.0,38.8,0.5,141.4,154.2,0,7,1,0,82252,92249,69394,51163,67045,67674,70058,74779,82309,0.0,1.0,2.2,41.1,15.3,60.2,1.0,56.8,64.0,7.5,12.8,75.6,13.3,8.1,0.3,0.0,14.6,8.9,0.0,1.0,1.0,3.0,2.3,78.6,78.3,8.8,4.5,8.3,91.7,50.9,3.6,22.2,23.3,29.2,18.9,2.8,62.6,11.0,6.7,0.2,0.0,12.1,7.4,1.2,66.2,32.1,0.4,49.8,34.0,12.7,0.8,0.0,1.8,0.8,47.0,53.0,14.7
220908003,220908,MANSFIELD H S,MANSFIELD ISD,145.6,13.4,6.9,17.5,3.4,27.5,33.7,46.7,32.0,2.4,1.8,93.0,49.5,1.3,165.9,183.4,0,7,0,1,80211,93035,69978,58671,66270,67695,70188,75690,80044,1.0,0.0,2.9,14.0,17.4,106.3,4.0,57.1,88.5,8.2,13.1,88.4,17.2,2.9,0.3,0.0,13.4,23.5,0.0,8.0,8.0,4.9,3.6,49.3,79.4,7.3,3.8,9.5,90.5,26.9,2.3,18.9,23.1,32.1,21.9,1.7,60.7,11.8,2.0,0.2,0.0,9.2,16.1,1.2,63.9,34.0,0.9,73.0,9.6,12.0,0.0,0.7,2.0,2.7,39.2,60.8,17.7
220908004,220908,MANSFIELD TIMBERVIEW H S,MANSFIELD ISD,125.3,9.4,7.5,11.5,1.6,25.2,37.3,32.6,27.5,1.1,1.7,75.0,46.3,2.4,142.2,153.6,0,7,1,0,77857,96118,69701,55127,66501,67458,70665,74935,80316,1.0,0.0,2.1,25.7,17.4,74.1,5.0,57.9,67.4,7.5,12.7,83.4,15.0,3.7,0.5,0.0,9.7,13.0,0.0,23.0,18.0,5.4,5.4,63.5,81.6,6.1,4.9,7.5,92.5,41.3,1.3,20.1,29.7,26.1,22.0,0.9,66.6,12.0,2.9,0.4,0.0,7.7,10.4,1.3,59.8,36.9,1.9,59.1,20.5,13.9,0.0,0.8,1.7,4.0,46.2,53.8,14.6
220908005,220908,MANSFIELD LEGACY H S,MANSFIELD ISD,147.5,13.2,7.0,23.2,5.2,28.1,42.3,38.5,31.1,2.3,1.8,100.1,44.3,1.4,167.7,190.8,0,7,0,1,78572,97172,68558,45454,64940,67420,69487,73543,103874,1.0,0.0,1.3,15.5,14.6,111.0,4.0,71.6,75.9,6.7,12.5,98.5,17.6,0.8,0.3,0.0,13.1,17.2,0.0,2.0,2.0,7.7,5.9,57.2,77.3,6.9,3.7,12.1,87.9,30.0,3.5,19.0,28.7,26.1,21.1,1.5,66.8,12.0,0.6,0.2,0.0,8.9,11.7,1.2,67.9,30.0,0.9,75.3,10.5,9.9,0.0,0.7,0.9,2.7,48.5,51.5,17.2
220908007,220908,MANSFIELD LAKE RIDGE H S,MANSFIELD ISD,154.0,12.2,8.0,13.4,9.0,28.4,28.4,49.0,31.0,8.2,1.8,83.6,64.5,4.1,174.3,187.7,0,7,0,1,78225,93478,70236,62382,67227,67421,69582,76366,79761,0.0,0.0,2.2,31.2,11.6,106.1,3.0,62.4,91.5,6.4,13.3,96.8,17.7,0.8,0.5,0.0,12.0,26.1,0.0,4.0,4.0,5.5,4.6,63.1,82.0,6.5,4.3,7.1,92.9,33.6,5.8,18.4,18.4,31.9,20.1,5.3,62.8,11.5,0.6,0.3,0.0,7.8,17.0,1.1,54.3,41.9,2.7,68.9,20.2,7.5,0.0,0.0,1.4,1.9,40.6,59.4,18.0
220908009,220908,TCCSE EARLY COLLEGE H S AT TIMBERVIEW,MANSFIELD ISD,11.8,0.8,2.0,1.0,1.0,1.0,4.0,2.8,2.0,1.0,0.0,3.0,7.8,1.0,14.7,15.7,1,0,0,0,76373,87389,73292,71516,70331,68415,76186,77589,80757,0.0,0.0,2.0,2.8,3.0,4.0,0.0,4.0,7.8,4.7,13.8,7.6,0.0,0.0,0.0,0.0,0.0,4.2,0.0,1.0,1.0,1.0,1.0,10.3,75.6,5.3,12.8,6.4,93.6,65.9,8.4,8.5,33.8,23.9,16.9,8.4,64.3,0.0,0.0,0.0,0.0,0.0,35.7,0.0,25.4,66.1,8.4,33.9,23.9,25.3,0.0,0.0,16.9,0.0,33.8,66.2,23.0
220910001,220910,LAKE WORTH H S,LAKE WORTH ISD,70.8,8.0,3.3,9.5,3.7,16.7,17.8,19.1,11.3,2.0,2.7,47.9,19.2,0.9,82.0,91.6,1,3,0,0,72516,105328,67838,57924,63953,64475,70127,75686,82465,0.0,0.0,0.0,6.3,8.7,54.7,1.0,34.4,36.3,4.8,12.2,58.5,8.3,0.3,0.0,0.0,2.0,1.7,0.0,6.0,2.0,4.7,1.3,25.9,77.3,8.7,3.6,10.4,89.6,28.3,5.3,23.6,25.2,27.0,16.0,2.8,82.7,11.7,0.5,0.0,0.0,2.8,2.4,3.9,67.7,27.1,1.3,77.4,9.0,12.3,0.0,0.0,0.0,1.4,48.7,51.3,13.6
220912001,220912,CROWLEY H S,CROWLEY ISD,173.4,16.9,13.5,15.7,18.6,49.1,42.9,43.1,15.9,3.9,6.1,103.7,61.6,2.0,203.9,219.5,2,6,0,0,76658,104333,71455,59992,68526,70509,74987,82814,88049,2.5,0.0,3.0,73.0,18.4,73.6,3.0,72.6,100.8,4.6,9.3,95.3,29.5,0.0,0.0,0.0,23.5,25.0,1.0,6.8,6.8,7.4,5.0,133.0,79.0,7.7,6.2,7.1,92.9,60.6,10.7,28.3,24.8,24.8,9.2,2.2,55.0,17.0,0.0,0.0,0.0,13.6,14.4,3.5,59.8,35.5,1.2,42.4,42.1,10.6,0.0,1.4,1.7,1.7,41.9,58.1,14.4
220912002,220912,NORTH CROWLEY H S,CROWLEY ISD,206.0,16.7,9.9,29.3,25.9,65.8,51.1,39.8,18.4,5.0,5.5,117.4,78.1,5.0,232.5,261.8,1,11,0,0,77112,97169,70582,60939,67227,70623,74952,81217,90437,2.5,0.0,3.0,75.1,29.8,91.6,4.0,97.9,108.0,4.0,8.5,113.4,31.6,0.0,0.0,0.0,33.0,28.0,0.0,6.0,1.0,3.4,3.1,158.9,78.7,6.4,3.8,11.2,88.8,60.7,12.6,31.9,24.8,19.3,8.9,2.4,55.1,15.3,0.0,0.0,0.0,16.0,13.6,2.7,57.0,37.9,2.4,44.5,36.5,14.5,0.0,1.2,1.5,1.9,47.5,52.5,14.2
220914001,220914,KENNEDALE H S,KENNEDALE ISD,66.6,8.5,5.0,8.6,1.9,19.7,15.4,18.0,10.6,1.0,1.0,41.6,23.0,1.0,80.1,88.7,1,2,0,1,76834,102112,64789,59603,60364,62480,67487,71559,76656,0.0,0.0,1.0,6.0,6.9,50.7,2.0,29.0,37.6,4.8,11.2,41.8,11.1,0.4,0.0,0.0,8.5,4.8,1.0,11.0,10.0,6.7,1.3,17.8,75.1,9.6,5.6,9.7,90.3,20.1,2.8,29.6,23.1,27.0,16.0,1.5,62.7,16.6,0.7,0.0,0.0,12.8,7.2,1.5,62.5,34.5,1.5,76.2,9.0,10.3,0.0,0.0,1.5,3.0,43.6,56.4,15.1
220915001,220915,AZLE H S,AZLE ISD,145.4,10.2,5.9,19.3,8.0,34.6,26.8,46.1,21.1,8.9,3.0,95.0,47.4,0.0,161.6,180.9,4,2,1,0,80042,89797,67049,59675,61039,62917,67674,75243,86876,1.0,0.0,0.0,0.0,11.1,129.3,4.0,67.0,78.4,6.2,12.7,92.8,25.4,0.2,0.0,0.0,27.1,0.0,0.0,1.5,1.5,5.6,5.3,13.1,80.4,5.6,3.3,10.7,89.3,7.3,5.5,23.8,18.4,31.7,14.5,6.1,63.8,17.4,0.2,0.0,0.0,18.6,0.0,2.1,65.3,32.6,0.0,88.9,0.0,7.7,0.0,0.7,0.0,2.8,46.1,53.9,14.8
220916001,220916,BELL H S,HURST-EULESS-BEDFORD ISD,144.7,11.1,6.0,11.0,5.2,29.9,33.1,41.1,27.3,8.0,2.0,72.0,65.6,5.0,161.8,172.8,0,5,1,0,75018,106996,68871,29853,63043,67269,71586,74330,90263,1.5,0.0,7.7,9.9,14.4,109.2,2.0,55.2,89.4,7.9,13.3,75.9,22.2,2.1,6.5,1.7,9.9,26.3,0.0,15.0,15.0,10.8,10.2,41.1,83.7,6.4,3.5,6.4,93.6,23.8,3.6,20.7,22.8,28.4,18.9,5.5,52.5,15.4,1.4,4.5,1.1,6.9,18.2,1.4,49.8,45.3,3.5,75.5,6.9,10.0,0.0,1.0,5.3,1.4,38.2,61.8,16.4
220916002,220916,TRINITY H S,HURST-EULESS-BEDFORD ISD,156.4,16.6,7.0,17.1,7.0,19.6,26.1,60.2,37.6,6.0,3.0,88.0,61.4,4.0,179.9,197.0,0,6,1,0,71825,106975,70083,55471,63589,65888,70819,75880,82875,1.5,1.7,3.3,15.9,19.0,113.0,2.0,61.6,94.8,8.8,14.7,91.4,24.7,3.0,0.5,3.4,10.6,22.8,0.0,9.0,9.0,13.0,10.2,58.5,79.4,8.4,3.6,8.7,91.3,29.7,4.5,12.5,16.7,38.5,24.0,3.8,58.5,15.8,1.9,0.3,2.2,6.8,14.6,1.9,56.3,39.3,2.6,72.2,10.2,12.1,1.1,1.0,2.1,1.3,39.4,60.6,17.3
220916005,220916,KEYS H S,HURST-EULESS-BEDFORD ISD,13.5,2.5,1.0,1.9,2.0,0.0,2.6,4.1,3.0,1.8,0.0,6.1,6.4,1.0,17.0,18.9,0,1,0,0,82193,128847,65740,18700,.,68352,72191,72632,87744,0.0,0.0,0.0,1.2,0.0,12.3,0.0,3.1,10.4,12.3,16.8,0.0,2.0,0.0,10.7,0.0,0.7,0.0,0.0,5.0,5.0,0.0,0.0,1.2,71.4,13.3,5.3,10.1,89.9,6.2,14.9,0.0,19.0,30.1,22.3,13.7,0.0,15.0,0.0,79.9,0.0,5.1,0.0,0.0,45.0,47.6,7.4,91.3,8.7,0.0,0.0,0.0,0.0,0.0,22.7,77.3,2.2
220917001,220917,CASTLEBERRY H S,CASTLEBERRY ISD,72.1,14.7,8.8,9.0,11.3,17.5,20.8,16.1,6.4,0.0,2.0,50.9,19.2,0.0,95.6,104.6,0,3,0,1,79893,88403,65881,64602,62498,64261,68500,76102,.,0.0,0.0,1.0,1.0,17.6,50.5,2.0,36.4,35.8,3.8,8.5,46.6,16.2,0.0,0.0,0.0,2.8,6.6,0.0,10.0,1.0,8.0,5.0,31.0,69.0,14.1,8.4,8.6,91.4,29.6,15.6,24.3,28.9,22.4,8.8,0.0,64.6,22.4,0.0,0.0,0.0,3.9,9.1,2.8,70.6,26.6,0.0,70.0,1.4,24.5,0.0,0.0,1.4,2.8,50.4,49.6,14.9
220917003,220917,REACH H S,CASTLEBERRY ISD,4.2,1.5,1.8,1.0,1.0,0.0,0.2,1.0,2.0,0.0,0.0,3.2,1.0,0.0,7.5,8.5,0,0,0,0,86950,87282,68443,65842,.,66592,66192,71042,.,0.0,0.0,0.0,0.0,1.0,3.2,0.0,1.0,3.2,8.6,12.8,4.2,0.0,0.0,0.0,0.0,0.0,0.0,0.0,2.0,2.0,0.0,0.0,1.5,49.5,18.0,20.7,11.8,88.2,18.0,23.9,0.0,4.5,23.9,47.8,0.0,100.0,0.0,0.0,0.0,0.0,0.0,0.0,0.0,76.1,23.9,0.0,76.1,0.0,23.9,0.0,0.0,0.0,0.0,23.9,76.1,8.1
220918001,220918,BOSWELL H S,EAGLE MT-SAGINAW ISD,145.6,16.0,5.9,14.0,7.7,39.2,30.5,34.0,29.1,5.1,3.3,91.9,47.8,2.6,167.4,181.4,2,6,0,1,75695,101488,65074,49737,62650,62721,65939,71682,77676,1.0,0.0,2.0,9.4,13.2,115.1,4.9,66.7,78.8,6.1,11.8,84.2,24.9,0.5,0.0,1.7,15.7,18.6,0.1,9.0,9.0,4.6,4.0,33.7,80.2,8.8,3.2,7.7,92.3,18.6,5.3,27.0,20.9,23.3,20.0,3.5,57.9,17.1,0.3,0.0,1.2,10.8,12.8,2.3,63.1,32.9,1.8,79.1,6.4,9.1,0.0,0.7,1.4,3.3,45.8,54.2,18.4
220918002,220918,ELMER C WATSON H S,EAGLE MT-SAGINAW ISD,11.0,1.8,1.0,0.5,0.0,1.0,2.0,2.0,4.0,2.0,0.0,8.0,3.0,0.0,13.8,14.3,1,1,0,0,83238,104792,67799,.,43317,63237,67617,69061,82260,0.0,0.0,0.0,1.0,4.0,5.0,1.0,2.0,9.0,11.5,22.8,8.6,1.6,0.0,0.0,0.0,0.8,0.0,0.0,17.0,17.0,7.0,1.0,5.0,76.7,12.8,7.0,3.5,96.5,34.9,0.0,9.1,18.2,18.2,36.4,18.2,78.2,14.8,0.0,0.0,0.0,7.0,0.0,0.0,72.7,27.3,0.0,45.5,9.1,36.4,0.0,0.0,0.0,9.1,18.2,81.8,8.6
220918004,220918,SAGINAW H S,EAGLE MT-SAGINAW ISD,145.3,14.8,6.0,8.0,10.9,48.2,37.3,30.7,15.7,2.5,8.4,93.0,41.2,2.7,166.1,174.1,1,6,0,1,77410,101824,62515,41515,61218,62542,65793,72402,76673,3.0,0.0,2.0,19.8,26.2,92.4,2.0,65.3,80.0,5.2,9.4,84.1,23.8,0.4,0.0,1.6,18.0,17.4,0.0,11.0,4.0,9.4,5.2,58.9,83.4,8.5,3.4,4.6,95.4,33.8,7.5,33.2,25.7,21.1,10.8,1.7,57.8,16.4,0.3,0.0,1.1,12.4,12.0,5.8,64.0,28.3,1.9,63.6,13.6,18.0,0.0,2.1,1.4,1.4,44.9,55.1,15.1
220918006,220918,CHISHOLM TRAIL H S,EAGLE MT-SAGINAW ISD,157.8,15.2,6.0,12.0,2.0,57.7,29.3,38.4,25.6,4.7,6.7,100.0,50.3,0.7,179.0,191.0,0,8,0,1,80087,104063,64963,46460,61323,62236,67128,72262,77073,0.0,0.0,3.0,8.5,16.4,126.0,4.0,67.5,90.3,4.5,11.1,93.6,27.0,0.7,0.0,4.3,17.3,15.0,0.1,4.0,4.0,5.4,2.2,36.8,82.6,8.0,3.1,6.3,93.7,19.3,1.3,36.6,18.6,24.3,16.2,3.0,59.3,17.1,0.4,0.0,2.7,10.9,9.5,4.3,63.4,31.9,0.4,79.8,5.4,10.4,0.0,0.0,1.9,2.5,42.8,57.2,15.8
220919001,220919,CARROLL SENIOR H S,CARROLL ISD,94.7,12.3,3.0,5.4,4.0,8.7,22.6,37.0,17.1,5.3,0.0,60.2,31.5,3.0,110.0,115.4,0,5,0,2,77556,105830,65369,44397,59143,63547,65501,71438,78565,1.4,0.0,1.0,0.0,7.5,83.3,1.7,45.3,49.4,8.3,14.7,61.5,8.5,0.0,0.1,2.4,3.7,18.6,2.0,16.0,16.0,2.5,1.0,14.6,82.1,10.6,2.6,4.7,95.3,12.6,4.2,9.1,23.9,39.1,18.0,5.6,64.9,9.0,0.0,0.1,2.5,3.9,19.6,0.0,63.6,33.3,3.2,87.9,0.0,7.9,0.0,1.4,1.1,1.8,47.8,52.2,14.9
220919003,220919,CARROLL H S,CARROLL ISD,76.8,6.0,2.6,6.9,1.8,16.1,22.3,21.5,13.5,1.7,0.7,43.2,30.9,2.0,85.4,92.2,0,3,0,0,73167,97731,63247,36502,59305,61399,65169,69960,76090,1.6,0.0,1.8,1.0,6.6,62.4,3.3,21.8,55.0,6.0,12.5,40.3,7.7,0.0,0.1,3.5,2.9,22.2,2.0,2.0,2.0,6.0,6.0,17.4,83.3,6.5,2.8,7.4,92.6,18.8,2.4,20.9,29.0,28.0,17.5,2.2,52.5,10.0,0.0,0.1,4.6,3.8,28.9,0.9,56.3,40.2,2.6,81.2,1.3,8.6,0.0,2.1,2.4,4.3,28.4,71.6,18.4
220920001,220920,BREWER H S,WHITE SETTLEMENT ISD,132.0,16.5,10.8,11.1,12.7,42.2,21.6,28.8,22.6,4.0,4.2,86.6,41.1,0.0,159.2,170.3,1,4,1,0,74640,92546,68498,64915,63785,67397,67500,78598,85626,1.7,0.0,2.0,8.7,18.8,99.8,1.0,62.0,70.0,5.2,11.0,86.4,22.2,2.5,3.1,0.0,17.8,0.0,0.0,5.0,2.0,6.6,4.6,38.3,77.5,9.7,6.3,6.5,93.5,22.5,9.6,32.0,16.4,21.9,17.1,3.0,65.4,16.8,1.9,2.4,0.0,13.5,0.0,3.2,65.6,31.1,0.0,75.6,6.6,14.2,0.0,1.3,1.5,0.8,47.0,53.0,16.5
